Timestamp,TargetLV,CurrentLV,ControlSignal1,VerticalVoltage
18:40:54.444,≈ê				0.00,0.00,0.00,2.50
18:40:54.444,0.00,0.00,0.00,2.50
18:40:54.444,0.00,0.00,0.00,2.50
18:40:54.445,0.00,0.00,0.00,2.50
18:40:54.445,0.00,0.00,0.00,2.50
18:40:54.445,0.00,0.00,0.00,2.50
18:40:54.445,0.00,0.00,0.00,2.50
18:40:54.445,0.00,0.00,0.00,2.50
18:40:54.445,0.00,0.00,0.00,2.50
18:40:54.446,0.00,0.00,0.00,2.50
18:40:54.446,0.00,0.00,0.00,2.50
18:40:54.448,0.00,0.00,0.00,2.50
18:40:54.481,0.00,0.00,0.00,2.50
18:40:54.515,0.00,0.00,0.00,2.50
18:40:54.547,0.00,0.00,0.00,2.50
18:40:54.580,0.00,0.00,0.00,2.50
18:40:54.613,0.00,0.00,0.00,2.50
18:40:54.646,0.00,0.00,0.00,2.50
18:40:54.679,0.00,0.00,0.00,2.50
18:40:54.711,0.00,0.00,0.00,2.50
18:40:54.744,0.00,0.00,0.00,2.50
18:40:54.777,0.00,0.00,0.00,2.50
18:40:54.810,0.00,0.00,0.00,2.50
18:40:54.843,0.00,0.00,0.00,2.50
18:40:54.875,0.00,0.00,0.00,2.50
18:40:54.908,0.00,0.00,0.00,2.50
18:40:54.944,0.00,0.00,0.00,2.50
18:40:54.977,0.00,0.00,0.00,2.50
18:40:55.009,0.00,0.00,0.00,2.50
18:40:55.039,0.00,0.00,0.00,2.50
18:40:55.075,0.00,0.00,0.00,2.50
18:40:55.109,0.00,0.00,0.00,2.50
18:40:55.142,0.00,0.00,0.00,2.50
18:40:55.175,0.00,0.00,0.00,2.50
18:40:55.208,0.00,0.00,0.00,2.50
18:40:55.240,0.00,0.00,0.00,2.50
18:40:55.273,0.00,0.00,0.00,2.50
18:40:55.305,0.00,0.00,0.00,2.50
18:40:55.338,0.00,0.00,0.00,2.50
18:40:55.371,0.00,0.00,0.00,2.50
18:40:55.404,0.00,0.00,0.00,2.50
18:40:55.436,0.00,0.00,0.00,2.50
18:40:55.469,0.00,0.00,0.00,2.50
18:40:55.502,0.00,0.00,0.00,2.50
18:40:55.538,0.00,0.00,0.00,2.50
18:40:55.571,0.00,0.00,0.00,2.50
18:40:55.604,0.00,0.00,0.00,2.50
18:40:55.637,0.00,0.00,0.00,2.50
18:40:55.670,0.00,0.00,0.00,2.50
18:40:55.703,0.00,0.00,0.00,2.50
18:40:55.735,0.00,0.00,0.00,2.50
18:40:55.768,0.00,0.00,0.00,2.50
18:40:55.801,0.00,0.00,0.00,2.50
18:40:55.834,0.00,0.00,0.00,2.50
18:40:55.866,0.00,0.00,0.00,2.50
18:40:55.899,0.00,0.00,0.00,2.50
18:40:55.932,0.00,0.00,0.00,2.50
18:40:55.965,0.00,0.00,0.00,2.50
18:40:55.997,0.00,0.00,0.00,2.50
18:40:56.030,0.00,0.00,0.00,2.50
18:40:56.062,0.00,0.00,0.00,2.50
18:40:56.095,0.00,0.00,0.00,2.50
18:40:56.132,0.00,0.00,0.00,2.50
18:40:56.165,0.00,0.00,0.00,2.50
18:40:56.198,0.00,0.00,0.00,2.50
18:40:56.230,0.00,0.00,0.00,2.50
18:40:56.264,0.00,0.00,0.00,2.50
18:40:56.296,0.00,0.00,0.00,2.50
18:40:56.328,0.00,0.00,0.00,2.50
18:40:56.361,0.00,0.00,0.00,2.50
18:40:56.395,0.00,0.00,0.00,2.50
18:40:56.427,0.00,0.00,0.00,2.50
18:40:56.460,0.00,0.00,0.00,2.50
18:40:56.493,0.00,0.00,0.00,2.50
18:40:56.526,0.00,0.00,0.00,2.50
18:40:56.559,0.00,0.00,0.00,2.50
18:40:56.592,0.00,0.00,0.00,2.50
18:40:56.624,0.00,0.00,0.00,2.50
18:40:56.657,0.00,0.00,0.00,2.50
18:40:56.693,0.00,0.00,0.00,2.50
18:40:56.726,0.00,0.00,0.00,2.50
18:40:56.758,0.00,0.00,0.00,2.50
18:40:56.792,0.00,0.00,0.00,2.50
18:40:56.824,0.00,0.00,0.00,2.50
18:40:56.858,0.00,0.00,0.00,2.50
18:40:56.890,0.00,0.00,0.00,2.50
18:40:56.923,0.00,0.00,0.00,2.50
18:40:56.956,0.00,0.00,0.00,2.50
18:40:56.989,0.00,0.00,0.00,2.50
18:40:57.022,0.00,0.00,0.00,2.50
18:40:57.055,0.00,0.00,0.00,2.50
18:40:57.086,0.00,0.00,0.00,2.50
18:40:57.120,0.00,0.00,0.00,2.50
18:40:57.153,0.00,0.00,0.00,2.50
18:40:57.185,0.00,0.00,0.00,2.50
18:40:57.218,0.00,0.00,0.00,2.50
18:40:57.251,0.00,0.00,0.00,2.50
18:40:57.288,0.00,0.00,0.00,2.50
18:40:57.320,0.00,0.00,0.00,2.50
18:40:57.353,0.00,0.00,0.00,2.50
18:40:57.386,0.00,0.00,0.00,2.50
18:40:57.419,0.00,0.00,0.00,2.50
18:40:57.452,0.00,0.00,0.00,2.50
18:40:57.484,0.00,0.00,0.00,2.50
18:40:57.517,0.00,0.00,0.00,2.50
18:40:57.549,0.00,0.00,0.00,2.50
18:40:57.582,0.00,0.00,0.00,2.50
18:40:57.615,0.00,0.00,0.00,2.50
18:40:57.648,0.00,0.00,0.00,2.50
18:40:57.681,0.00,0.00,0.00,2.50
18:40:57.713,0.00,0.00,0.00,2.50
18:40:57.746,0.00,0.00,0.00,2.50
18:40:57.779,0.00,0.00,0.00,2.50
18:40:57.812,0.00,0.00,0.00,2.50
18:40:57.844,0.00,0.00,0.00,2.50
18:40:57.880,0.00,0.00,0.00,2.50
18:40:57.910,0.00,0.00,0.00,2.50
18:40:57.943,0.00,0.00,0.00,2.50
18:40:57.976,0.00,0.00,0.00,2.50
18:40:58.012,0.00,0.00,0.00,2.50
18:40:58.045,0.00,0.00,0.00,2.50
18:40:58.077,0.00,0.00,0.00,2.50
18:40:58.110,0.00,0.00,0.00,2.50
18:40:58.144,0.00,0.00,0.00,2.50
18:40:58.176,0.00,0.00,0.00,2.50
18:40:58.210,0.00,0.00,0.00,2.50
18:40:58.242,0.00,0.00,0.00,2.50
18:40:58.275,0.00,0.00,0.00,2.50
18:40:58.308,0.00,0.00,0.00,2.50
18:40:58.340,0.00,0.00,0.00,2.50
18:40:58.373,0.00,0.00,0.00,2.50
18:40:58.406,0.00,0.00,0.00,2.50
18:40:58.442,0.00,0.00,0.00,2.50
18:40:58.475,0.00,0.00,0.00,2.50
18:40:58.507,0.00,0.00,0.00,2.50
18:40:58.541,0.00,0.00,0.00,2.50
18:40:58.573,0.00,0.00,0.00,2.50
18:40:58.607,0.00,0.00,0.00,2.50
18:40:58.639,0.00,0.00,0.00,2.50
18:40:58.672,0.00,0.00,0.00,2.50
18:40:58.704,0.00,0.00,0.00,2.50
18:40:58.738,0.00,0.00,0.00,2.50
18:40:58.770,0.00,0.00,0.00,2.50
18:40:58.803,0.00,0.00,0.00,2.50
18:40:58.836,0.00,0.00,0.00,2.50
18:40:58.869,0.00,0.00,0.00,2.50
18:40:58.901,0.00,0.00,0.00,2.50
18:40:58.934,0.00,0.00,0.00,2.50
18:40:58.967,0.00,0.00,0.00,2.50
18:40:59.000,0.00,0.00,0.00,2.50
18:40:59.032,0.00,0.00,0.00,2.50
18:40:59.064,0.00,0.00,0.00,2.50
18:40:59.098,0.00,0.00,0.00,2.50
18:40:59.131,0.00,0.00,0.00,2.50
18:40:59.167,0.00,0.00,0.00,2.50
18:40:59.201,0.00,0.00,0.00,2.50
18:40:59.234,0.00,0.00,0.00,2.50
18:40:59.266,0.00,0.00,0.00,2.50
18:40:59.299,0.00,0.00,0.00,2.50
18:40:59.332,0.00,0.00,0.00,2.50
18:40:59.364,0.00,0.00,0.00,2.50
18:40:59.397,0.00,0.00,0.00,2.50
18:40:59.430,0.00,0.00,0.00,2.50
18:40:59.462,0.00,0.00,0.00,2.50
18:40:59.495,0.00,0.00,0.00,2.50
18:40:59.528,0.00,0.00,0.00,2.50
18:40:59.561,0.00,0.00,0.00,2.50
18:40:59.593,0.10,0.00,0.01,2.49
18:40:59.629,0.10,0.00,0.02,2.48
18:40:59.662,0.10,0.00,0.03,2.47
18:40:59.695,0.10,0.00,0.04,2.46
18:40:59.728,0.10,0.00,0.05,2.45
18:40:59.761,0.10,0.00,0.06,2.44
18:40:59.794,0.10,0.00,0.07,2.43
18:40:59.826,0.10,0.00,0.08,2.42
18:40:59.859,0.10,0.00,0.09,2.41
18:40:59.892,0.10,0.00,0.10,2.40
18:40:59.925,0.10,0.00,0.11,2.39
18:40:59.958,0.10,0.00,0.12,2.38
18:40:59.991,0.10,0.00,0.13,2.37
18:41:00.023,0.10,0.00,0.14,2.36
18:41:00.056,0.10,0.00,0.15,2.35
18:41:00.088,0.10,0.00,0.16,2.34
18:41:00.122,0.10,0.00,0.17,2.33
18:41:00.155,0.10,0.00,0.18,2.32
18:41:00.187,0.10,0.00,0.19,2.31
18:41:00.224,0.10,0.00,0.20,2.30
18:41:00.257,0.10,0.00,0.21,2.29
18:41:00.289,0.10,0.00,0.22,2.28
18:41:00.322,0.10,0.00,0.23,2.27
18:41:00.355,0.10,0.00,0.24,2.26
18:41:00.388,0.10,0.00,0.25,2.25
18:41:00.420,0.10,0.00,0.26,2.24
18:41:00.453,0.10,0.00,0.27,2.23
18:41:00.487,0.10,0.00,0.28,2.22
18:41:00.519,0.10,0.00,0.29,2.21
18:41:00.552,0.10,0.00,0.30,2.20
18:41:00.585,0.10,0.00,0.31,2.19
18:41:00.617,0.10,0.00,0.32,2.18
18:41:00.650,0.10,0.00,0.33,2.17
18:41:00.683,0.10,0.00,0.34,2.16
18:41:00.716,0.10,0.00,0.35,2.15
18:41:00.748,0.10,0.00,0.36,2.14
18:41:00.781,0.10,0.00,0.37,2.13
18:41:00.814,0.10,0.00,0.38,2.12
18:41:00.847,0.10,0.00,0.39,2.11
18:41:00.879,0.10,0.00,0.40,2.10
18:41:00.912,0.10,0.00,0.41,2.09
18:41:00.949,0.10,0.00,0.42,2.08
18:41:00.981,0.10,0.00,0.43,2.07
18:41:01.014,0.10,0.00,0.44,2.06
18:41:01.047,0.10,0.00,0.45,2.05
18:41:01.079,0.10,0.00,0.46,2.04
18:41:01.112,0.10,0.00,0.47,2.03
18:41:01.145,0.10,0.00,0.48,2.02
18:41:01.178,0.10,0.00,0.49,2.01
18:41:01.211,0.10,0.00,0.50,2.00
18:41:01.244,0.10,0.00,0.51,1.99
18:41:01.277,0.10,0.00,0.52,1.98
18:41:01.309,0.10,0.00,0.53,1.97
18:41:01.342,0.10,0.00,0.54,1.96
18:41:01.378,0.10,0.00,0.55,1.95
18:41:01.411,0.10,0.00,0.56,1.94
18:41:01.444,0.10,0.00,0.57,1.93
18:41:01.477,0.10,0.00,0.58,1.92
18:41:01.510,0.10,0.00,0.59,1.91
18:41:01.543,0.10,0.00,0.60,1.90
18:41:01.575,0.10,0.00,0.61,1.89
18:41:01.608,0.10,0.00,0.62,1.88
18:41:01.641,0.10,0.00,0.63,1.87
18:41:01.674,0.10,0.01,0.64,1.86
18:41:01.707,0.10,0.02,0.65,1.85
18:41:01.740,0.10,0.03,0.65,1.85
18:41:01.773,0.10,0.03,0.66,1.84
18:41:01.805,0.10,0.04,0.67,1.83
18:41:01.838,0.10,0.08,0.67,1.83
18:41:01.871,0.10,0.08,0.67,1.83
18:41:01.903,0.10,0.09,0.67,1.83
18:41:01.936,0.10,0.11,0.67,1.83
18:41:01.969,0.10,0.13,0.67,1.83
18:41:02.002,0.10,0.14,0.66,1.84
18:41:02.035,0.10,0.14,0.66,1.84
18:41:02.066,0.10,0.16,0.66,1.84
18:41:02.104,0.10,0.18,0.65,1.85
18:41:02.136,0.10,0.19,0.64,1.86
18:41:02.169,0.10,0.20,0.63,1.87
18:41:02.202,0.10,0.21,0.62,1.88
18:41:02.235,0.10,0.23,0.61,1.89
18:41:02.268,0.10,0.25,0.59,1.91
18:41:02.301,0.10,0.25,0.58,1.92
18:41:02.333,0.10,0.27,0.56,1.94
18:41:02.366,0.10,0.28,0.54,1.96
18:41:02.399,0.10,0.30,0.52,1.98
18:41:02.432,0.10,0.29,0.50,2.00
18:41:02.464,0.10,0.29,0.48,2.02
18:41:02.497,0.10,0.29,0.47,2.03
18:41:02.533,0.10,0.29,0.45,2.05
18:41:02.566,0.10,0.25,0.43,2.07
18:41:02.599,0.10,0.25,0.42,2.08
18:41:02.631,0.10,0.23,0.40,2.10
18:41:02.664,0.10,0.20,0.39,2.11
18:41:02.698,0.10,0.20,0.39,2.11
18:41:02.730,0.10,0.18,0.38,2.12
18:41:02.763,0.10,0.16,0.37,2.13
18:41:02.796,0.10,0.15,0.37,2.13
18:41:02.829,0.10,0.14,0.36,2.14
18:41:02.862,0.10,0.12,0.36,2.14
18:41:02.895,0.10,0.10,0.36,2.14
18:41:02.928,0.10,0.10,0.36,2.14
18:41:02.960,0.10,0.08,0.36,2.14
18:41:02.993,0.10,0.07,0.37,2.13
18:41:03.026,0.10,0.06,0.37,2.13
18:41:03.058,0.10,0.06,0.37,2.13
18:41:03.091,0.10,0.06,0.38,2.12
18:41:03.124,0.10,0.06,0.38,2.12
18:41:03.156,0.10,0.06,0.39,2.11
18:41:03.189,0.10,0.07,0.39,2.11
18:41:03.222,0.10,0.06,0.39,2.11
18:41:03.258,0.10,0.08,0.39,2.11
18:41:03.292,0.10,0.09,0.40,2.10
18:41:03.325,0.10,0.09,0.40,2.10
18:41:03.358,0.10,0.09,0.40,2.10
18:41:03.390,0.10,0.10,0.40,2.10
18:41:03.423,0.10,0.10,0.40,2.10
18:41:03.456,0.10,0.10,0.40,2.10
18:41:03.489,0.10,0.10,0.40,2.10
18:41:03.521,0.10,0.10,0.40,2.10
18:41:03.554,0.10,0.11,0.40,2.10
18:41:03.587,0.10,0.10,0.40,2.10
18:41:03.619,0.10,0.10,0.40,2.10
18:41:03.652,0.10,0.10,0.40,2.10
18:41:03.685,0.10,0.10,0.40,2.10
18:41:03.721,0.10,0.10,0.40,2.10
18:41:03.754,0.10,0.10,0.40,2.10
18:41:03.787,0.10,0.10,0.40,2.10
18:41:03.819,0.10,0.10,0.40,2.10
18:41:03.852,0.10,0.11,0.40,2.10
18:41:03.885,0.10,0.10,0.40,2.10
18:41:03.918,0.10,0.10,0.40,2.10
18:41:03.951,0.10,0.10,0.40,2.10
18:41:03.983,0.10,0.10,0.40,2.10
18:41:04.017,0.10,0.11,0.40,2.10
18:41:04.049,0.10,0.10,0.40,2.10
18:41:04.081,0.10,0.10,0.40,2.10
18:41:04.114,0.10,0.10,0.40,2.10
18:41:04.148,0.10,0.10,0.40,2.10
18:41:04.180,0.10,0.10,0.40,2.10
18:41:04.212,0.10,0.10,0.40,2.10
18:41:04.245,0.10,0.10,0.40,2.10
18:41:04.279,0.10,0.10,0.40,2.10
18:41:04.315,0.10,0.10,0.40,2.10
18:41:04.348,0.10,0.10,0.40,2.10
18:41:04.380,0.10,0.09,0.40,2.10
18:41:04.413,0.10,0.10,0.40,2.10
18:41:04.446,0.10,0.10,0.40,2.10
18:41:04.479,0.10,0.10,0.40,2.10
18:41:04.512,0.10,0.10,0.40,2.10
18:41:04.545,0.10,0.11,0.40,2.10
18:41:04.578,0.10,0.11,0.40,2.10
18:41:04.611,0.10,0.10,0.40,2.10
18:41:04.643,0.10,0.10,0.40,2.10
18:41:04.676,0.10,0.10,0.40,2.10
18:41:04.709,0.10,0.10,0.40,2.10
18:41:04.741,0.10,0.11,0.40,2.10
18:41:04.774,0.10,0.10,0.40,2.10
18:41:04.808,0.10,0.10,0.40,2.10
18:41:04.840,0.10,0.10,0.40,2.10
18:41:04.873,0.10,0.10,0.40,2.10
18:41:04.906,0.10,0.10,0.40,2.10
18:41:04.939,0.10,0.10,0.40,2.10
18:41:04.971,0.10,0.11,0.40,2.10
18:41:05.004,0.10,0.11,0.40,2.10
18:41:05.041,0.10,0.11,0.40,2.10
18:41:05.072,0.10,0.10,0.40,2.10
18:41:05.106,0.10,0.10,0.40,2.10
18:41:05.139,0.10,0.10,0.40,2.10
18:41:05.172,0.10,0.11,0.40,2.10
18:41:05.204,0.10,0.10,0.40,2.10
18:41:05.237,0.10,0.10,0.40,2.10
18:41:05.270,0.10,0.10,0.40,2.10
18:41:05.303,0.10,0.10,0.40,2.10
18:41:05.335,0.10,0.10,0.40,2.10
18:41:05.368,0.10,0.10,0.40,2.10
18:41:05.401,0.10,0.10,0.40,2.10
18:41:05.434,0.10,0.10,0.40,2.10
18:41:05.470,0.10,0.10,0.40,2.10
18:41:05.503,0.10,0.09,0.40,2.10
18:41:05.536,0.10,0.10,0.40,2.10
18:41:05.568,0.10,0.10,0.40,2.10
18:41:05.601,0.10,0.11,0.40,2.10
18:41:05.634,0.10,0.10,0.40,2.10
18:41:05.667,0.10,0.10,0.40,2.10
18:41:05.700,0.10,0.10,0.40,2.10
18:41:05.732,0.10,0.10,0.40,2.10
18:41:05.765,0.10,0.10,0.40,2.10
18:41:05.798,0.10,0.11,0.40,2.10
18:41:05.831,0.10,0.10,0.40,2.10
18:41:05.864,0.10,0.10,0.40,2.10
18:41:05.896,0.10,0.10,0.40,2.10
18:41:05.929,0.10,0.10,0.40,2.10
18:41:05.962,0.10,0.10,0.40,2.10
18:41:05.995,0.00,0.10,0.39,2.11
18:41:06.028,0.00,0.10,0.38,2.12
18:41:06.060,0.00,0.10,0.37,2.13
18:41:06.092,0.00,0.09,0.36,2.14
18:41:06.126,0.00,0.09,0.35,2.15
18:41:06.159,0.00,0.08,0.34,2.16
18:41:06.195,0.00,0.07,0.33,2.17
18:41:06.228,0.00,0.06,0.33,2.17
18:41:06.261,0.00,0.05,0.32,2.18
18:41:06.294,0.00,0.04,0.32,2.18
18:41:06.327,0.00,0.03,0.32,2.18
18:41:06.359,0.00,0.02,0.31,2.19
18:41:06.392,0.00,0.01,0.31,2.19
18:41:06.425,0.00,0.01,0.31,2.19
18:41:06.458,0.00,0.01,0.31,2.19
18:41:06.491,0.00,0.01,0.31,2.19
18:41:06.524,0.00,0.00,0.31,2.19
18:41:06.556,0.00,0.01,0.31,2.19
18:41:06.589,0.00,0.00,0.31,2.19
18:41:06.622,0.00,0.00,0.31,2.19
18:41:06.654,0.00,0.00,0.31,2.19
18:41:06.687,0.00,0.00,0.31,2.19
18:41:06.720,0.00,0.00,0.31,2.19
18:41:06.752,0.00,0.00,0.31,2.19
18:41:06.789,0.00,0.00,0.31,2.19
18:41:06.821,0.00,0.00,0.31,2.19
18:41:06.854,0.00,0.00,0.31,2.19
18:41:06.887,0.00,0.00,0.31,2.19
18:41:06.920,0.00,0.00,0.31,2.19
18:41:06.953,0.00,0.00,0.31,2.19
18:41:06.986,0.00,0.00,0.31,2.19
18:41:07.019,0.00,0.00,0.31,2.19
18:41:07.051,0.00,0.00,0.31,2.19
18:41:07.083,0.00,0.00,0.31,2.19
18:41:07.116,0.00,0.00,0.31,2.19
18:41:07.150,0.00,0.00,0.31,2.19
18:41:07.183,0.00,0.00,0.31,2.19
18:41:07.215,0.00,0.00,0.31,2.19
18:41:07.248,0.00,0.00,0.31,2.19
18:41:07.281,0.00,0.00,0.31,2.19
18:41:07.314,0.00,0.00,0.31,2.19
18:41:07.350,0.00,0.00,0.31,2.19
18:41:07.383,0.00,0.00,0.31,2.19
18:41:07.416,0.00,0.00,0.31,2.19
18:41:07.448,0.00,0.00,0.31,2.19
18:41:07.481,0.00,0.00,0.31,2.19
18:41:07.514,0.00,0.00,0.31,2.19
18:41:07.547,0.00,0.00,0.31,2.19
18:41:07.580,0.00,0.00,0.31,2.19
18:41:07.613,0.00,0.00,0.31,2.19
18:41:07.645,0.00,0.00,0.31,2.19
18:41:07.678,0.00,0.00,0.31,2.19
18:41:07.711,0.00,0.00,0.31,2.19
18:41:07.744,0.00,0.00,0.31,2.19
18:41:07.777,0.00,0.00,0.31,2.19
18:41:07.809,0.00,0.00,0.31,2.19
18:41:07.842,0.00,0.00,0.31,2.19
18:41:07.875,0.00,0.00,0.31,2.19
18:41:07.907,0.00,0.00,0.31,2.19
18:41:07.944,0.00,0.00,0.31,2.19
18:41:07.977,0.00,0.00,0.31,2.19
18:41:08.009,0.00,0.00,0.31,2.19
18:41:08.042,0.00,0.00,0.31,2.19
18:41:08.075,0.00,0.00,0.31,2.19
18:41:08.108,0.00,0.00,0.31,2.19
18:41:08.141,0.00,0.00,0.31,2.19
18:41:08.174,0.00,0.00,0.31,2.19
18:41:08.207,0.00,0.00,0.31,2.19
18:41:08.239,0.00,0.00,0.31,2.19
18:41:08.272,0.00,0.00,0.31,2.19
18:41:08.305,0.00,0.00,0.31,2.19
18:41:08.338,0.00,0.00,0.31,2.19
18:41:08.371,0.00,0.00,0.31,2.19
18:41:08.406,0.00,0.00,0.31,2.19
18:41:08.439,0.00,0.00,0.31,2.19
18:41:08.472,0.00,0.00,0.31,2.19
18:41:08.501,0.00,0.00,0.31,2.19
18:41:08.538,0.00,0.00,0.31,2.19
18:41:08.571,0.00,0.00,0.31,2.19
18:41:08.604,0.00,0.00,0.31,2.19
18:41:08.636,0.00,0.00,0.31,2.19
18:41:08.670,0.00,0.00,0.31,2.19
18:41:08.702,0.00,0.00,0.31,2.19
18:41:08.735,0.00,0.00,0.31,2.19
18:41:08.767,0.00,0.00,0.31,2.19
18:41:08.800,0.00,0.00,0.31,2.19
18:41:08.834,0.10,0.00,0.32,2.18
18:41:08.865,0.10,0.00,0.33,2.17
18:41:08.898,0.10,0.00,0.34,2.16
18:41:08.931,0.10,0.00,0.35,2.15
18:41:08.964,0.10,0.01,0.36,2.14
18:41:08.997,0.10,0.01,0.37,2.13
18:41:09.030,0.10,0.02,0.37,2.13
18:41:09.062,0.10,0.03,0.38,2.12
18:41:09.094,0.10,0.04,0.39,2.11
18:41:09.131,0.10,0.06,0.39,2.11
18:41:09.164,0.10,0.07,0.40,2.10
18:41:09.197,0.10,0.07,0.40,2.10
18:41:09.230,0.10,0.08,0.40,2.10
18:41:09.263,0.10,0.09,0.40,2.10
18:41:09.296,0.10,0.09,0.40,2.10
18:41:09.329,0.10,0.10,0.40,2.10
18:41:09.361,0.10,0.10,0.40,2.10
18:41:09.393,0.10,0.11,0.40,2.10
18:41:09.426,0.10,0.11,0.40,2.10
18:41:09.460,0.10,0.11,0.40,2.10
18:41:09.492,0.10,0.11,0.40,2.10
18:41:09.525,0.10,0.10,0.40,2.10
18:41:09.562,0.10,0.10,0.40,2.10
18:41:09.594,0.10,0.09,0.40,2.10
18:41:09.627,0.10,0.09,0.40,2.10
18:41:09.660,0.10,0.09,0.40,2.10
18:41:09.693,0.10,0.10,0.40,2.10
18:41:09.726,0.10,0.09,0.40,2.10
18:41:09.758,0.10,0.09,0.40,2.10
18:41:09.791,0.10,0.09,0.40,2.10
18:41:09.824,0.10,0.09,0.41,2.09
18:41:09.857,0.10,0.10,0.41,2.09
18:41:09.890,0.10,0.10,0.41,2.09
18:41:09.922,0.10,0.10,0.41,2.09
18:41:09.955,0.10,0.11,0.41,2.09
18:41:09.988,0.10,0.11,0.40,2.10
18:41:10.021,0.10,0.11,0.40,2.10
18:41:10.054,0.10,0.11,0.40,2.10
18:41:10.086,0.10,0.11,0.40,2.10
18:41:10.119,0.10,0.11,0.40,2.10
18:41:10.152,0.10,0.11,0.40,2.10
18:41:10.185,0.10,0.11,0.40,2.10
18:41:10.218,0.10,0.11,0.40,2.10
18:41:10.251,0.10,0.11,0.40,2.10
18:41:10.286,0.10,0.11,0.40,2.10
18:41:10.319,0.10,0.09,0.40,2.10
18:41:10.352,0.10,0.09,0.40,2.10
18:41:10.385,0.10,0.09,0.40,2.10
18:41:10.418,0.10,0.09,0.40,2.10
18:41:10.451,0.10,0.09,0.40,2.10
18:41:10.484,0.10,0.09,0.40,2.10
18:41:10.517,0.10,0.09,0.40,2.10
18:41:10.549,0.10,0.09,0.40,2.10
18:41:10.582,0.10,0.09,0.40,2.10
18:41:10.615,0.10,0.09,0.40,2.10
18:41:10.647,0.10,0.10,0.40,2.10
18:41:10.681,0.10,0.10,0.40,2.10
18:41:10.713,0.10,0.11,0.40,2.10
18:41:10.746,0.10,0.11,0.40,2.10
18:41:10.779,0.10,0.11,0.40,2.10
18:41:10.811,0.10,0.11,0.40,2.10
18:41:10.844,0.10,0.11,0.40,2.10
18:41:10.880,0.10,0.11,0.40,2.10
18:41:10.913,0.10,0.11,0.40,2.10
18:41:10.946,0.10,0.11,0.40,2.10
18:41:10.979,0.10,0.10,0.40,2.10
18:41:11.012,0.10,0.11,0.40,2.10
18:41:11.045,0.10,0.10,0.40,2.10
18:41:11.077,0.10,0.09,0.40,2.10
18:41:11.110,0.10,0.09,0.40,2.10
18:41:11.143,0.10,0.09,0.40,2.10
18:41:11.176,0.10,0.10,0.40,2.10
18:41:11.209,0.10,0.09,0.40,2.10
18:41:11.242,0.10,0.09,0.40,2.10
18:41:11.274,0.10,0.09,0.40,2.10
18:41:11.307,0.10,0.10,0.40,2.10
18:41:11.340,0.10,0.10,0.40,2.10
18:41:11.373,0.10,0.10,0.40,2.10
18:41:11.405,0.10,0.09,0.40,2.10
18:41:11.441,0.10,0.09,0.41,2.09
18:41:11.474,0.10,0.10,0.41,2.09
18:41:11.508,0.10,0.10,0.40,2.10
18:41:11.540,0.10,0.10,0.40,2.10
18:41:11.573,0.10,0.11,0.40,2.10
18:41:11.607,0.10,0.11,0.40,2.10
18:41:11.640,0.10,0.11,0.40,2.10
18:41:11.671,0.10,0.11,0.40,2.10
18:41:11.704,0.10,0.11,0.40,2.10
18:41:11.737,0.10,0.11,0.40,2.10
18:41:11.770,0.10,0.11,0.40,2.10
18:41:11.802,0.10,0.10,0.40,2.10
18:41:11.835,0.10,0.11,0.40,2.10
18:41:11.868,0.10,0.09,0.40,2.10
18:41:11.901,0.10,0.10,0.40,2.10
18:41:11.934,0.10,0.09,0.40,2.10
18:41:11.966,0.10,0.09,0.40,2.10
18:41:11.999,0.10,0.09,0.40,2.10
18:41:12.035,0.10,0.09,0.40,2.10
18:41:12.068,0.10,0.09,0.40,2.10
18:41:12.101,0.10,0.09,0.40,2.10
18:41:12.133,0.10,0.10,0.41,2.09
18:41:12.166,0.10,0.10,0.40,2.10
18:41:12.200,0.10,0.11,0.40,2.10
18:41:12.233,0.10,0.11,0.40,2.10
18:41:12.266,0.10,0.11,0.40,2.10
18:41:12.298,0.10,0.11,0.40,2.10
18:41:12.331,0.10,0.11,0.40,2.10
18:41:12.363,0.10,0.11,0.40,2.10
18:41:12.397,0.10,0.11,0.40,2.10
18:41:12.430,0.10,0.10,0.40,2.10
18:41:12.462,0.10,0.11,0.40,2.10
18:41:12.498,0.10,0.11,0.40,2.10
18:41:12.530,0.10,0.10,0.40,2.10
18:41:12.560,0.10,0.10,0.40,2.10
18:41:12.593,0.10,0.10,0.40,2.10
18:41:12.629,0.10,0.10,0.40,2.10
18:41:12.662,0.10,0.09,0.40,2.10
18:41:12.695,0.10,0.10,0.40,2.10
18:41:12.728,0.10,0.08,0.40,2.10
18:41:12.760,0.10,0.09,0.40,2.10
18:41:12.793,0.10,0.09,0.40,2.10
18:41:12.827,0.10,0.09,0.40,2.10
18:41:12.859,0.10,0.09,0.40,2.10
18:41:12.892,0.10,0.08,0.41,2.09
18:41:12.924,0.10,0.10,0.41,2.09
18:41:12.957,0.10,0.11,0.41,2.09
18:41:12.990,0.10,0.11,0.40,2.10
18:41:13.023,0.10,0.11,0.40,2.10
18:41:13.056,0.10,0.11,0.40,2.10
18:41:13.088,0.10,0.11,0.40,2.10
18:41:13.121,0.10,0.11,0.40,2.10
18:41:13.154,0.10,0.10,0.40,2.10
18:41:13.187,0.10,0.10,0.40,2.10
18:41:13.223,0.10,0.11,0.40,2.10
18:41:13.256,0.00,0.10,0.39,2.11
18:41:13.289,0.00,0.10,0.38,2.12
18:41:13.321,0.00,0.10,0.37,2.13
18:41:13.355,0.00,0.10,0.36,2.14
18:41:13.387,0.00,0.10,0.35,2.15
18:41:13.420,0.00,0.09,0.34,2.16
18:41:13.453,0.00,0.08,0.33,2.17
18:41:13.486,0.00,0.05,0.33,2.17
18:41:13.518,0.00,0.04,0.32,2.18
18:41:13.551,0.00,0.03,0.32,2.18
18:41:13.584,0.00,0.02,0.32,2.18
18:41:13.617,0.00,0.02,0.32,2.18
18:41:13.650,0.00,0.00,0.32,2.18
18:41:13.683,0.00,0.00,0.32,2.18
18:41:13.715,0.00,0.00,0.32,2.18
18:41:13.748,0.00,-0.01,0.32,2.18
18:41:13.785,0.00,-0.00,0.32,2.18
18:41:13.817,0.00,-0.00,0.32,2.18
18:41:13.850,0.00,-0.00,0.32,2.18
18:41:13.883,0.00,-0.01,0.32,2.18
18:41:13.915,0.00,0.00,0.32,2.18
18:41:13.948,0.00,0.00,0.32,2.18
18:41:13.981,0.00,0.00,0.32,2.18
18:41:14.014,0.00,0.00,0.32,2.18
18:41:14.046,0.00,0.00,0.32,2.18
18:41:14.080,0.00,0.00,0.32,2.18
18:41:14.112,0.00,0.00,0.32,2.18
18:41:14.145,0.00,0.00,0.32,2.18
18:41:14.178,0.00,0.00,0.32,2.18
18:41:14.211,0.00,0.00,0.32,2.18
18:41:14.243,0.00,-0.00,0.32,2.18
18:41:14.276,0.00,0.00,0.32,2.18
18:41:14.309,0.00,0.00,0.32,2.18
18:41:14.342,0.00,0.00,0.32,2.18
18:41:14.378,0.00,0.00,0.32,2.18
18:41:14.407,0.00,0.00,0.32,2.18
18:41:14.440,0.00,0.00,0.32,2.18
18:41:14.473,0.00,0.00,0.32,2.18
18:41:14.509,0.00,0.00,0.32,2.18
18:41:14.542,0.00,0.00,0.32,2.18
18:41:14.575,0.00,0.00,0.32,2.18
18:41:14.608,0.00,-0.00,0.32,2.18
18:41:14.641,0.00,0.00,0.32,2.18
18:41:14.674,0.00,0.00,0.32,2.18
18:41:14.706,0.00,0.00,0.32,2.18
18:41:14.739,0.00,0.00,0.32,2.18
18:41:14.772,0.00,0.00,0.32,2.18
18:41:14.804,0.00,0.00,0.32,2.18
18:41:14.837,0.00,0.00,0.32,2.18
18:41:14.870,0.00,0.00,0.32,2.18
18:41:14.903,0.00,0.00,0.32,2.18
18:41:14.936,0.00,0.00,0.32,2.18
18:41:14.972,0.00,0.00,0.32,2.18
18:41:15.004,0.00,0.00,0.32,2.18
18:41:15.037,0.00,0.00,0.32,2.18
18:41:15.070,0.00,0.00,0.32,2.18
18:41:15.103,0.00,0.00,0.32,2.18
18:41:15.136,0.00,0.00,0.32,2.18
18:41:15.169,0.00,0.00,0.32,2.18
18:41:15.201,0.00,0.00,0.32,2.18
18:41:15.234,0.00,0.00,0.32,2.18
18:41:15.267,0.00,0.00,0.32,2.18
18:41:15.300,0.00,0.00,0.32,2.18
18:41:15.333,0.00,0.00,0.32,2.18
18:41:15.365,0.00,0.00,0.32,2.18
18:41:15.399,0.00,0.00,0.32,2.18
18:41:15.432,0.00,0.00,0.32,2.18
18:41:15.465,0.00,0.00,0.32,2.18
18:41:15.497,0.00,0.00,0.32,2.18
18:41:15.530,0.00,0.00,0.32,2.18
18:41:15.566,-0.10,0.00,0.31,2.19
18:41:15.598,-0.10,0.00,0.30,2.20
18:41:15.631,-0.10,0.00,0.29,2.21
18:41:15.664,-0.10,0.00,0.28,2.22
18:41:15.697,-0.10,0.00,0.27,2.23
18:41:15.730,-0.10,0.00,0.26,2.24
18:41:15.763,-0.10,0.00,0.25,2.25
18:41:15.795,-0.10,0.00,0.24,2.26
18:41:15.828,-0.10,-0.00,0.23,2.27
18:41:15.861,-0.10,0.00,0.22,2.28
18:41:15.894,-0.10,0.00,0.21,2.29
18:41:15.927,-0.10,0.00,0.20,2.30
18:41:15.959,-0.10,0.00,0.19,2.31
18:41:15.992,-0.10,0.00,0.18,2.32
18:41:16.025,-0.10,0.00,0.17,2.33
18:41:16.058,-0.10,0.00,0.16,2.34
18:41:16.091,-0.10,-0.00,0.15,2.35
18:41:16.127,-0.10,0.00,0.14,2.36
18:41:16.159,-0.10,0.00,0.13,2.37
18:41:16.192,-0.10,0.00,0.12,2.38
18:41:16.225,-0.10,0.00,0.11,2.39
18:41:16.258,-0.10,0.00,0.10,2.40
18:41:16.291,-0.10,0.00,0.09,2.41
18:41:16.324,-0.10,0.00,0.08,2.42
18:41:16.356,-0.10,-0.00,0.07,2.43
18:41:16.389,-0.10,0.00,0.06,2.44
18:41:16.422,-0.10,0.00,0.05,2.45
18:41:16.456,-0.10,0.00,0.04,2.46
18:41:16.488,-0.10,0.00,0.03,2.47
18:41:16.521,-0.10,0.00,0.02,2.48
18:41:16.554,-0.10,0.00,0.01,2.49
18:41:16.587,-0.10,0.00,-0.00,2.50
18:41:16.619,-0.10,-0.00,-0.01,2.51
18:41:16.652,-0.10,0.00,-0.02,2.52
18:41:16.685,-0.10,0.00,-0.03,2.53
18:41:16.721,-0.10,0.00,-0.04,2.54
18:41:16.754,-0.10,0.00,-0.05,2.55
18:41:16.787,-0.10,0.00,-0.06,2.56
18:41:16.819,-0.10,0.00,-0.07,2.57
18:41:16.852,-0.10,0.00,-0.08,2.58
18:41:16.885,-0.10,0.00,-0.09,2.59
18:41:16.918,-0.10,0.00,-0.10,2.60
18:41:16.950,-0.10,0.00,-0.11,2.61
18:41:16.984,-0.10,0.00,-0.12,2.62
18:41:17.017,-0.10,0.00,-0.13,2.63
18:41:17.049,-0.10,0.00,-0.14,2.64
18:41:17.082,-0.10,0.00,-0.15,2.65
18:41:17.114,-0.10,0.00,-0.16,2.66
18:41:17.147,-0.10,0.00,-0.17,2.67
18:41:17.180,-0.10,0.00,-0.18,2.68
18:41:17.213,-0.10,0.00,-0.19,2.69
18:41:17.246,-0.10,0.00,-0.20,2.70
18:41:17.278,-0.10,0.00,-0.21,2.71
18:41:17.314,-0.10,0.00,-0.22,2.72
18:41:17.344,-0.10,0.00,-0.23,2.73
18:41:17.377,-0.10,0.00,-0.24,2.74
18:41:17.409,-0.10,0.00,-0.25,2.75
18:41:17.446,-0.10,0.00,-0.26,2.76
18:41:17.478,-0.10,0.00,-0.27,2.77
18:41:17.511,-0.10,0.00,-0.28,2.78
18:41:17.544,-0.10,0.00,-0.29,2.79
18:41:17.577,-0.10,0.00,-0.30,2.80
18:41:17.610,-0.10,0.00,-0.31,2.81
18:41:17.643,-0.10,0.00,-0.32,2.82
18:41:17.676,-0.10,0.00,-0.33,2.83
18:41:17.709,-0.10,0.00,-0.34,2.84
18:41:17.741,-0.10,0.00,-0.35,2.85
18:41:17.774,-0.10,0.00,-0.36,2.86
18:41:17.807,-0.10,0.00,-0.37,2.87
18:41:17.839,-0.10,0.00,-0.38,2.88
18:41:17.876,-0.10,0.00,-0.39,2.89
18:41:17.908,-0.10,0.00,-0.40,2.90
18:41:17.941,-0.10,0.00,-0.41,2.91
18:41:17.974,-0.10,0.00,-0.42,2.92
18:41:18.007,-0.10,0.00,-0.43,2.93
18:41:18.040,-0.10,0.00,-0.44,2.94
18:41:18.072,-0.10,0.00,-0.45,2.95
18:41:18.105,-0.10,0.00,-0.46,2.96
18:41:18.138,-0.10,0.00,-0.47,2.97
18:41:18.171,-0.10,0.00,-0.48,2.98
18:41:18.204,-0.10,0.00,-0.49,2.99
18:41:18.237,-0.10,0.00,-0.50,3.00
18:41:18.270,-0.10,0.00,-0.51,3.01
18:41:18.303,-0.10,0.00,-0.52,3.02
18:41:18.336,-0.10,0.00,-0.53,3.03
18:41:18.368,-0.10,0.00,-0.54,3.04
18:41:18.401,-0.10,0.00,-0.55,3.05
18:41:18.433,-0.10,0.00,-0.56,3.06
18:41:18.466,-0.10,0.00,-0.57,3.07
18:41:18.499,-0.10,0.00,-0.58,3.08
18:41:18.532,-0.10,0.00,-0.59,3.09
18:41:18.564,-0.10,0.00,-0.60,3.10
18:41:18.601,-0.10,0.00,-0.61,3.11
18:41:18.634,-0.10,0.00,-0.62,3.12
18:41:18.667,-0.10,0.00,-0.63,3.13
18:41:18.700,-0.10,0.00,-0.64,3.14
18:41:18.732,-0.10,-0.01,-0.65,3.15
18:41:18.766,-0.10,-0.01,-0.66,3.16
18:41:18.799,-0.10,-0.02,-0.67,3.17
18:41:18.831,-0.10,-0.02,-0.68,3.18
18:41:18.863,-0.10,-0.03,-0.68,3.18
18:41:18.896,-0.10,-0.04,-0.69,3.19
18:41:18.929,-0.10,-0.05,-0.69,3.19
18:41:18.962,-0.10,-0.04,-0.70,3.20
18:41:18.994,-0.10,-0.06,-0.70,3.20
18:41:19.027,-0.10,-0.06,-0.71,3.21
18:41:19.063,-0.10,-0.07,-0.71,3.21
18:41:19.096,-0.10,-0.08,-0.71,3.21
18:41:19.129,-0.10,-0.10,-0.71,3.21
18:41:19.162,-0.10,-0.11,-0.71,3.21
18:41:19.194,-0.10,-0.12,-0.71,3.21
18:41:19.227,-0.10,-0.12,-0.71,3.21
18:41:19.260,-0.10,-0.13,-0.71,3.21
18:41:19.293,-0.10,-0.14,-0.70,3.20
18:41:19.326,-0.10,-0.14,-0.70,3.20
18:41:19.359,-0.10,-0.14,-0.69,3.19
18:41:19.392,-0.10,-0.13,-0.69,3.19
18:41:19.425,-0.10,-0.14,-0.69,3.19
18:41:19.458,-0.10,-0.13,-0.68,3.18
18:41:19.490,-0.10,-0.14,-0.68,3.18
18:41:19.523,-0.10,-0.13,-0.68,3.18
18:41:19.556,-0.10,-0.13,-0.67,3.17
18:41:19.589,-0.10,-0.13,-0.67,3.17
18:41:19.621,-0.10,-0.13,-0.67,3.17
18:41:19.658,-0.10,-0.13,-0.66,3.16
18:41:19.690,-0.10,-0.12,-0.66,3.16
18:41:19.723,-0.10,-0.12,-0.66,3.16
18:41:19.756,-0.10,-0.12,-0.66,3.16
18:41:19.789,-0.10,-0.12,-0.66,3.16
18:41:19.822,-0.10,-0.12,-0.65,3.15
18:41:19.855,-0.10,-0.12,-0.65,3.15
18:41:19.887,-0.10,-0.12,-0.65,3.15
18:41:19.920,-0.10,-0.12,-0.65,3.15
18:41:19.953,-0.10,-0.11,-0.65,3.15
18:41:19.986,-0.10,-0.12,-0.65,3.15
18:41:20.019,-0.10,-0.11,-0.64,3.14
18:41:20.051,-0.10,-0.11,-0.64,3.14
18:41:20.084,-0.10,-0.11,-0.64,3.14
18:41:20.117,-0.10,-0.11,-0.64,3.14
18:41:20.149,-0.10,-0.11,-0.64,3.14
18:41:20.182,-0.10,-0.11,-0.64,3.14
18:41:20.218,-0.10,-0.11,-0.64,3.14
18:41:20.251,-0.10,-0.10,-0.64,3.14
18:41:20.284,-0.10,-0.11,-0.64,3.14
18:41:20.316,-0.10,-0.11,-0.64,3.14
18:41:20.349,-0.10,-0.11,-0.63,3.13
18:41:20.383,-0.10,-0.11,-0.63,3.13
18:41:20.416,-0.10,-0.10,-0.63,3.13
18:41:20.448,-0.10,-0.10,-0.63,3.13
18:41:20.481,-0.10,-0.10,-0.63,3.13
18:41:20.515,-0.10,-0.11,-0.63,3.13
18:41:20.547,-0.10,-0.11,-0.63,3.13
18:41:20.580,-0.10,-0.10,-0.63,3.13
18:41:20.612,-0.10,-0.10,-0.63,3.13
18:41:20.645,-0.10,-0.11,-0.63,3.13
18:41:20.678,-0.10,-0.11,-0.63,3.13
18:41:20.711,-0.10,-0.11,-0.63,3.13
18:41:20.743,-0.10,-0.10,-0.63,3.13
18:41:20.776,-0.10,-0.10,-0.63,3.13
18:41:20.812,-0.10,-0.11,-0.63,3.13
18:41:20.845,-0.10,-0.10,-0.63,3.13
18:41:20.878,-0.10,-0.10,-0.63,3.13
18:41:20.910,-0.10,-0.10,-0.63,3.13
18:41:20.944,-0.10,-0.11,-0.63,3.13
18:41:20.976,-0.10,-0.10,-0.63,3.13
18:41:21.009,-0.10,-0.10,-0.63,3.13
18:41:21.042,-0.10,-0.11,-0.63,3.13
18:41:21.074,-0.10,-0.11,-0.63,3.13
18:41:21.107,-0.10,-0.11,-0.63,3.13
18:41:21.141,-0.10,-0.10,-0.63,3.13
18:41:21.173,-0.10,-0.11,-0.63,3.13
18:41:21.206,-0.10,-0.11,-0.62,3.12
18:41:21.239,-0.10,-0.11,-0.62,3.12
18:41:21.272,-0.10,-0.11,-0.62,3.12
18:41:21.304,-0.10,-0.10,-0.62,3.12
18:41:21.336,-0.10,-0.11,-0.62,3.12
18:41:21.369,-0.10,-0.10,-0.62,3.12
18:41:21.406,-0.10,-0.11,-0.62,3.12
18:41:21.439,-0.10,-0.10,-0.62,3.12
18:41:21.471,-0.10,-0.11,-0.62,3.12
18:41:21.501,-0.10,-0.11,-0.62,3.12
18:41:21.537,-0.10,-0.11,-0.62,3.12
18:41:21.570,-0.10,-0.10,-0.62,3.12
18:41:21.603,-0.10,-0.11,-0.62,3.12
18:41:21.636,-0.10,-0.10,-0.62,3.12
18:41:21.669,-0.10,-0.10,-0.62,3.12
18:41:21.702,-0.10,-0.10,-0.62,3.12
18:41:21.735,-0.10,-0.10,-0.62,3.12
18:41:21.768,-0.10,-0.10,-0.62,3.12
18:41:21.800,-0.10,-0.10,-0.62,3.12
18:41:21.833,-0.10,-0.10,-0.62,3.12
18:41:21.865,-0.10,-0.10,-0.62,3.12
18:41:21.898,-0.10,-0.10,-0.62,3.12
18:41:21.931,-0.10,-0.10,-0.62,3.12
18:41:21.967,-0.10,-0.10,-0.62,3.12
18:41:22.000,-0.10,-0.10,-0.62,3.12
18:41:22.033,-0.10,-0.10,-0.62,3.12
18:41:22.065,-0.10,-0.10,-0.62,3.12
18:41:22.098,-0.10,-0.09,-0.62,3.12
18:41:22.131,-0.10,-0.10,-0.62,3.12
18:41:22.164,-0.10,-0.11,-0.62,3.12
18:41:22.197,-0.10,-0.11,-0.62,3.12
18:41:22.230,-0.10,-0.10,-0.62,3.12
18:41:22.263,-0.10,-0.11,-0.62,3.12
18:41:22.296,-0.10,-0.11,-0.62,3.12
18:41:22.329,-0.10,-0.10,-0.62,3.12
18:41:22.361,-0.10,-0.10,-0.62,3.12
18:41:22.394,-0.10,-0.10,-0.62,3.12
18:41:22.427,-0.10,-0.10,-0.62,3.12
18:41:22.459,-0.10,-0.10,-0.62,3.12
18:41:22.493,-0.10,-0.09,-0.62,3.12
18:41:22.525,-0.10,-0.10,-0.62,3.12
18:41:22.558,-0.10,-0.10,-0.62,3.12
18:41:22.591,-0.10,-0.10,-0.62,3.12
18:41:22.622,-0.10,-0.10,-0.62,3.12
18:41:22.655,-0.10,-0.10,-0.62,3.12
18:41:22.692,-0.10,-0.11,-0.62,3.12
18:41:22.725,-0.10,-0.10,-0.62,3.12
18:41:22.758,-0.10,-0.10,-0.62,3.12
18:41:22.791,-0.10,-0.10,-0.62,3.12
18:41:22.824,-0.10,-0.11,-0.62,3.12
18:41:22.857,-0.10,-0.11,-0.62,3.12
18:41:22.889,-0.10,-0.10,-0.62,3.12
18:41:22.922,-0.10,-0.10,-0.62,3.12
18:41:22.955,-0.10,-0.10,-0.62,3.12
18:41:22.988,-0.10,-0.10,-0.62,3.12
18:41:23.020,-0.10,-0.10,-0.62,3.12
18:41:23.053,-0.10,-0.10,-0.62,3.12
18:41:23.086,-0.10,-0.10,-0.62,3.12
18:41:23.119,-0.10,-0.10,-0.62,3.12
18:41:23.155,-0.10,-0.10,-0.62,3.12
18:41:23.187,-0.10,-0.09,-0.62,3.12
18:41:23.220,-0.10,-0.10,-0.62,3.12
18:41:23.253,-0.10,-0.10,-0.62,3.12
18:41:23.286,-0.10,-0.10,-0.62,3.12
18:41:23.319,-0.10,-0.10,-0.62,3.12
18:41:23.352,-0.10,-0.10,-0.62,3.12
18:41:23.385,-0.10,-0.10,-0.62,3.12
18:41:23.417,-0.10,-0.10,-0.62,3.12
18:41:23.451,-0.10,-0.10,-0.62,3.12
18:41:23.484,0.00,-0.10,-0.61,3.11
18:41:23.516,0.00,-0.10,-0.60,3.10
18:41:23.549,0.00,-0.10,-0.59,3.09
18:41:23.582,0.00,-0.10,-0.58,3.08
18:41:23.614,0.00,-0.10,-0.57,3.07
18:41:23.647,0.00,-0.10,-0.56,3.06
18:41:23.680,0.00,-0.09,-0.55,3.05
18:41:23.713,0.00,-0.08,-0.54,3.04
18:41:23.749,0.00,-0.07,-0.53,3.03
18:41:23.782,0.00,-0.07,-0.53,3.03
18:41:23.814,0.00,-0.06,-0.52,3.02
18:41:23.847,0.00,-0.06,-0.51,3.01
18:41:23.881,0.00,-0.05,-0.51,3.01
18:41:23.913,0.00,-0.04,-0.50,3.00
18:41:23.946,0.00,-0.04,-0.50,3.00
18:41:23.979,0.00,-0.03,-0.50,3.00
18:41:24.012,0.00,-0.03,-0.49,2.99
18:41:24.045,0.00,-0.04,-0.49,2.99
18:41:24.077,0.00,-0.03,-0.49,2.99
18:41:24.109,0.00,-0.03,-0.48,2.98
18:41:24.143,0.00,-0.03,-0.48,2.98
18:41:24.176,0.00,-0.03,-0.48,2.98
18:41:24.209,0.00,-0.02,-0.48,2.98
18:41:24.241,0.00,-0.01,-0.47,2.97
18:41:24.274,0.00,-0.01,-0.47,2.97
18:41:24.310,0.00,-0.01,-0.47,2.97
18:41:24.343,0.00,-0.02,-0.47,2.97
18:41:24.375,0.00,-0.01,-0.47,2.97
18:41:24.405,0.00,0.00,-0.47,2.97
18:41:24.437,0.00,0.00,-0.47,2.97
18:41:24.474,0.00,0.00,-0.47,2.97
18:41:24.507,0.00,0.00,-0.47,2.97
18:41:24.539,0.00,0.00,-0.47,2.97
18:41:24.572,0.00,0.00,-0.47,2.97
18:41:24.606,0.00,0.00,-0.47,2.97
18:41:24.638,0.00,0.00,-0.47,2.97
18:41:24.671,0.00,0.01,-0.47,2.97
18:41:24.703,0.00,0.01,-0.47,2.97
18:41:24.736,0.00,0.00,-0.47,2.97
18:41:24.769,0.00,-0.00,-0.47,2.97
18:41:24.802,0.00,0.00,-0.47,2.97
18:41:24.835,0.00,0.00,-0.47,2.97
18:41:24.868,0.00,0.00,-0.47,2.97
18:41:24.904,0.00,0.00,-0.47,2.97
18:41:24.936,0.00,0.00,-0.47,2.97
18:41:24.969,0.00,-0.00,-0.47,2.97
18:41:25.002,0.00,0.00,-0.47,2.97
18:41:25.035,0.00,0.00,-0.47,2.97
18:41:25.068,0.00,0.00,-0.47,2.97
18:41:25.100,0.00,0.00,-0.47,2.97
18:41:25.133,0.00,0.00,-0.47,2.97
18:41:25.166,0.00,0.00,-0.47,2.97
18:41:25.199,0.00,0.00,-0.47,2.97
18:41:25.232,0.00,0.00,-0.47,2.97
18:41:25.265,0.00,0.00,-0.47,2.97
18:41:25.297,0.00,0.00,-0.47,2.97
18:41:25.330,0.00,0.00,-0.47,2.97
18:41:25.363,0.00,0.00,-0.47,2.97
18:41:25.395,0.00,0.00,-0.47,2.97
18:41:25.428,0.00,0.00,-0.47,2.97
18:41:25.461,0.00,0.00,-0.47,2.97
18:41:25.494,0.00,0.00,-0.47,2.97
18:41:25.527,0.00,0.00,-0.47,2.97
18:41:25.560,0.00,0.00,-0.47,2.97
18:41:25.592,0.00,0.00,-0.47,2.97
18:41:25.629,0.00,0.00,-0.47,2.97
18:41:25.661,0.00,0.00,-0.47,2.97
18:41:25.694,0.00,0.00,-0.47,2.97
18:41:25.727,0.00,0.00,-0.47,2.97
18:41:25.760,0.00,0.00,-0.47,2.97
18:41:25.793,0.00,0.00,-0.47,2.97
18:41:25.826,0.00,0.00,-0.47,2.97
18:41:25.859,0.00,0.00,-0.47,2.97
18:41:25.892,0.00,0.00,-0.47,2.97
18:41:25.924,0.00,0.00,-0.47,2.97
18:41:25.957,0.00,0.00,-0.47,2.97
18:41:25.990,0.00,0.00,-0.47,2.97
18:41:26.022,0.00,0.00,-0.47,2.97
18:41:26.059,0.00,0.00,-0.47,2.97
18:41:26.091,0.00,0.00,-0.47,2.97
18:41:26.120,0.00,0.00,-0.47,2.97
18:41:26.154,0.00,0.00,-0.47,2.97
18:41:26.186,0.00,0.00,-0.47,2.97
18:41:26.223,0.00,0.00,-0.47,2.97
18:41:26.256,0.00,0.00,-0.47,2.97
18:41:26.288,-0.10,0.00,-0.48,2.98
18:41:26.321,-0.10,0.00,-0.49,2.99
18:41:26.354,-0.10,0.00,-0.50,3.00
18:41:26.387,-0.10,0.00,-0.51,3.01
18:41:26.420,-0.10,0.00,-0.52,3.02
18:41:26.452,-0.10,-0.00,-0.53,3.03
18:41:26.485,-0.10,-0.01,-0.54,3.04
18:41:26.518,-0.10,-0.01,-0.55,3.05
18:41:26.551,-0.10,-0.02,-0.56,3.06
18:41:26.584,-0.10,-0.02,-0.56,3.06
18:41:26.616,-0.10,-0.03,-0.57,3.07
18:41:26.649,-0.10,-0.05,-0.58,3.08
18:41:26.682,-0.10,-0.05,-0.58,3.08
18:41:26.715,-0.10,-0.06,-0.59,3.09
18:41:26.747,-0.10,-0.06,-0.59,3.09
18:41:26.784,-0.10,-0.07,-0.59,3.09
18:41:26.817,-0.10,-0.08,-0.59,3.09
18:41:26.850,-0.10,-0.08,-0.60,3.10
18:41:26.883,-0.10,-0.08,-0.60,3.10
18:41:26.915,-0.10,-0.08,-0.60,3.10
18:41:26.948,-0.10,-0.09,-0.60,3.10
18:41:26.981,-0.10,-0.08,-0.60,3.10
18:41:27.014,-0.10,-0.09,-0.60,3.10
18:41:27.047,-0.10,-0.09,-0.60,3.10
18:41:27.078,-0.10,-0.10,-0.61,3.11
18:41:27.111,-0.10,-0.09,-0.61,3.11
18:41:27.145,-0.10,-0.09,-0.61,3.11
18:41:27.178,-0.10,-0.09,-0.61,3.11
18:41:27.210,-0.10,-0.10,-0.61,3.11
18:41:27.246,-0.10,-0.10,-0.61,3.11
18:41:27.279,-0.10,-0.10,-0.61,3.11
18:41:27.312,-0.10,-0.09,-0.61,3.11
18:41:27.344,-0.10,-0.10,-0.61,3.11
18:41:27.378,-0.10,-0.10,-0.61,3.11
18:41:27.411,-0.10,-0.10,-0.61,3.11
18:41:27.444,-0.10,-0.09,-0.61,3.11
18:41:27.477,-0.10,-0.09,-0.61,3.11
18:41:27.509,-0.10,-0.09,-0.62,3.12
18:41:27.542,-0.10,-0.10,-0.62,3.12
18:41:27.575,-0.10,-0.09,-0.62,3.12
18:41:27.608,-0.10,-0.09,-0.62,3.12
18:41:27.641,-0.10,-0.10,-0.62,3.12
18:41:27.674,-0.10,-0.10,-0.62,3.12
18:41:27.706,-0.10,-0.10,-0.62,3.12
18:41:27.739,-0.10,-0.10,-0.62,3.12
18:41:27.771,-0.10,-0.10,-0.62,3.12
18:41:27.804,-0.10,-0.10,-0.62,3.12
18:41:27.840,-0.10,-0.11,-0.62,3.12
18:41:27.873,-0.10,-0.10,-0.62,3.12
18:41:27.906,-0.10,-0.10,-0.62,3.12
18:41:27.938,-0.10,-0.10,-0.62,3.12
18:41:27.972,-0.10,-0.10,-0.62,3.12
18:41:28.005,-0.10,-0.10,-0.62,3.12
18:41:28.037,-0.10,-0.10,-0.62,3.12
18:41:28.070,-0.10,-0.10,-0.62,3.12
18:41:28.103,-0.10,-0.11,-0.62,3.12
18:41:28.136,-0.10,-0.10,-0.62,3.12
18:41:28.169,-0.10,-0.10,-0.62,3.12
18:41:28.201,-0.10,-0.10,-0.62,3.12
18:41:28.234,-0.10,-0.10,-0.62,3.12
18:41:28.267,-0.10,-0.10,-0.62,3.12
18:41:28.300,-0.10,-0.10,-0.62,3.12
18:41:28.332,-0.10,-0.10,-0.62,3.12
18:41:28.365,-0.10,-0.10,-0.62,3.12
18:41:28.398,-0.10,-0.10,-0.62,3.12
18:41:28.431,-0.10,-0.10,-0.62,3.12
18:41:28.463,-0.10,-0.11,-0.61,3.11
18:41:28.496,-0.10,-0.10,-0.61,3.11
18:41:28.529,-0.10,-0.10,-0.61,3.11
18:41:28.565,-0.10,-0.10,-0.61,3.11
18:41:28.598,-0.10,-0.10,-0.61,3.11
18:41:28.631,-0.10,-0.10,-0.61,3.11
18:41:28.663,-0.10,-0.10,-0.61,3.11
18:41:28.697,-0.10,-0.10,-0.61,3.11
18:41:28.730,-0.10,-0.10,-0.61,3.11
18:41:28.762,-0.10,-0.10,-0.61,3.11
18:41:28.795,-0.10,-0.10,-0.61,3.11
18:41:28.827,-0.10,-0.10,-0.61,3.11
18:41:28.860,-0.10,-0.10,-0.61,3.11
18:41:28.894,-0.10,-0.10,-0.61,3.11
18:41:28.926,-0.10,-0.10,-0.61,3.11
18:41:28.959,-0.10,-0.09,-0.62,3.12
18:41:28.995,-0.10,-0.11,-0.61,3.11
18:41:29.028,-0.10,-0.10,-0.61,3.11
18:41:29.061,-0.10,-0.10,-0.61,3.11
18:41:29.094,-0.10,-0.10,-0.61,3.11
18:41:29.127,-0.10,-0.11,-0.61,3.11
18:41:29.160,-0.10,-0.10,-0.61,3.11
18:41:29.193,-0.10,-0.10,-0.61,3.11
18:41:29.225,-0.10,-0.10,-0.61,3.11
18:41:29.258,-0.10,-0.10,-0.61,3.11
18:41:29.291,-0.10,-0.10,-0.61,3.11
18:41:29.324,-0.10,-0.10,-0.61,3.11
18:41:29.357,-0.10,-0.10,-0.61,3.11
18:41:29.389,-0.10,-0.10,-0.61,3.11
18:41:29.423,-0.10,-0.11,-0.61,3.11
18:41:29.455,-0.10,-0.10,-0.61,3.11
18:41:29.488,-0.10,-0.10,-0.61,3.11
18:41:29.520,-0.10,-0.10,-0.61,3.11
18:41:29.554,-0.10,-0.10,-0.61,3.11
18:41:29.586,-0.10,-0.10,-0.61,3.11
18:41:29.619,-0.10,-0.10,-0.61,3.11
18:41:29.652,-0.10,-0.10,-0.61,3.11
18:41:29.684,-0.10,-0.10,-0.61,3.11
18:41:29.720,-0.10,-0.10,-0.61,3.11
18:41:29.753,-0.10,-0.10,-0.61,3.11
18:41:29.786,-0.10,-0.10,-0.61,3.11
18:41:29.818,-0.10,-0.10,-0.61,3.11
18:41:29.852,-0.10,-0.10,-0.61,3.11
18:41:29.885,-0.10,-0.11,-0.61,3.11
18:41:29.918,-0.10,-0.10,-0.61,3.11
18:41:29.950,-0.10,-0.10,-0.61,3.11
18:41:29.983,-0.10,-0.10,-0.61,3.11
18:41:30.016,-0.10,-0.10,-0.61,3.11
18:41:30.049,-0.10,-0.10,-0.61,3.11
18:41:30.081,-0.10,-0.10,-0.61,3.11
18:41:30.114,-0.10,-0.10,-0.61,3.11
18:41:30.150,-0.10,-0.10,-0.61,3.11
18:41:30.183,-0.10,-0.10,-0.61,3.11
18:41:30.216,-0.10,-0.10,-0.61,3.11
18:41:30.249,-0.10,-0.10,-0.61,3.11
18:41:30.281,-0.10,-0.10,-0.61,3.11
18:41:30.314,-0.10,-0.10,-0.61,3.11
18:41:30.347,-0.10,-0.10,-0.61,3.11
18:41:30.380,-0.10,-0.10,-0.61,3.11
18:41:30.412,-0.10,-0.10,-0.61,3.11
18:41:30.446,-0.10,-0.10,-0.61,3.11
18:41:30.478,-0.10,-0.10,-0.61,3.11
18:41:30.511,-0.10,-0.10,-0.61,3.11
18:41:30.544,-0.10,-0.10,-0.61,3.11
18:41:30.577,-0.10,-0.10,-0.61,3.11
18:41:30.610,-0.10,-0.10,-0.61,3.11
18:41:30.642,-0.10,-0.10,-0.61,3.11
18:41:30.675,-0.10,-0.10,-0.61,3.11
18:41:30.708,-0.10,-0.10,-0.61,3.11
18:41:30.741,-0.10,-0.10,-0.61,3.11
18:41:30.774,-0.10,-0.10,-0.61,3.11
18:41:30.806,-0.10,-0.10,-0.61,3.11
18:41:30.839,-0.10,-0.09,-0.61,3.11
18:41:30.875,-0.10,-0.10,-0.61,3.11
18:41:30.908,-0.10,-0.10,-0.61,3.11
18:41:30.941,-0.10,-0.10,-0.61,3.11
18:41:30.974,-0.10,-0.10,-0.61,3.11
18:41:31.007,-0.10,-0.10,-0.61,3.11
18:41:31.040,-0.10,-0.10,-0.61,3.11
18:41:31.072,-0.10,-0.10,-0.61,3.11
18:41:31.105,-0.10,-0.10,-0.61,3.11
18:41:31.138,-0.10,-0.10,-0.61,3.11
18:41:31.171,-0.10,-0.10,-0.61,3.11
18:41:31.204,-0.10,-0.10,-0.61,3.11
18:41:31.237,-0.10,-0.10,-0.61,3.11
18:41:31.270,-0.10,-0.10,-0.61,3.11
18:41:31.302,-0.10,-0.10,-0.61,3.11
18:41:31.335,-0.10,-0.11,-0.61,3.11
18:41:31.368,-0.10,-0.10,-0.61,3.11
18:41:31.400,-0.10,-0.10,-0.61,3.11
18:41:31.433,-0.10,-0.10,-0.61,3.11
18:41:31.469,-0.10,-0.11,-0.61,3.11
18:41:31.503,-0.10,-0.10,-0.61,3.11
18:41:31.535,0.00,-0.10,-0.60,3.10
18:41:31.568,0.00,-0.10,-0.59,3.09
18:41:31.600,0.00,-0.10,-0.58,3.08
18:41:31.634,0.00,-0.10,-0.57,3.07
18:41:31.667,0.00,-0.09,-0.56,3.06
18:41:31.699,0.00,-0.09,-0.55,3.05
18:41:31.732,0.00,-0.09,-0.54,3.04
18:41:31.765,0.00,-0.08,-0.54,3.04
18:41:31.798,0.00,-0.07,-0.53,3.03
18:41:31.830,0.00,-0.06,-0.52,3.02
18:41:31.863,0.00,-0.06,-0.52,3.02
18:41:31.896,0.00,-0.06,-0.51,3.01
18:41:31.932,0.00,-0.06,-0.51,3.01
18:41:31.964,0.00,-0.05,-0.50,3.00
18:41:31.997,0.00,-0.04,-0.50,3.00
18:41:32.030,0.00,-0.04,-0.49,2.99
18:41:32.063,0.00,-0.03,-0.49,2.99
18:41:32.096,0.00,-0.03,-0.49,2.99
18:41:32.128,0.00,-0.02,-0.48,2.98
18:41:32.161,0.00,-0.02,-0.48,2.98
18:41:32.195,0.00,-0.03,-0.48,2.98
18:41:32.227,0.00,-0.03,-0.48,2.98
18:41:32.260,0.00,-0.03,-0.47,2.97
18:41:32.293,0.00,-0.03,-0.47,2.97
18:41:32.326,0.00,-0.02,-0.47,2.97
18:41:32.358,0.00,-0.02,-0.47,2.97
18:41:32.391,0.00,-0.02,-0.46,2.96
18:41:32.424,0.00,-0.02,-0.46,2.96
18:41:32.457,0.00,-0.01,-0.46,2.96
18:41:32.489,0.00,-0.01,-0.46,2.96
18:41:32.522,0.00,-0.00,-0.46,2.96
18:41:32.555,0.00,-0.01,-0.46,2.96
18:41:32.588,0.00,-0.00,-0.46,2.96
18:41:32.621,0.00,-0.00,-0.46,2.96
18:41:32.657,0.00,-0.00,-0.46,2.96
18:41:32.689,0.00,-0.00,-0.46,2.96
18:41:32.722,0.00,-0.01,-0.46,2.96
18:41:32.755,0.00,0.00,-0.46,2.96
18:41:32.788,0.00,0.00,-0.46,2.96
18:41:32.821,0.00,0.00,-0.46,2.96
18:41:32.854,0.00,0.00,-0.46,2.96
18:41:32.887,0.00,-0.00,-0.46,2.96
18:41:32.920,0.00,0.00,-0.46,2.96
18:41:32.952,0.00,0.00,-0.46,2.96
18:41:32.985,0.00,0.00,-0.46,2.96
18:41:33.018,0.00,0.00,-0.46,2.96
18:41:33.051,0.00,0.00,-0.46,2.96
18:41:33.083,0.00,0.00,-0.46,2.96
18:41:33.116,0.00,0.00,-0.46,2.96
18:41:33.149,0.00,0.00,-0.46,2.96
18:41:33.182,0.00,0.00,-0.46,2.96
18:41:33.218,0.00,0.00,-0.46,2.96
18:41:33.251,0.00,0.00,-0.46,2.96
18:41:33.284,0.00,0.00,-0.46,2.96
18:41:33.316,0.00,0.00,-0.46,2.96
18:41:33.348,0.00,0.00,-0.46,2.96
18:41:33.382,0.00,0.00,-0.46,2.96
18:41:33.415,0.00,0.00,-0.46,2.96
18:41:33.448,0.00,0.00,-0.46,2.96
18:41:33.480,0.00,0.00,-0.46,2.96
18:41:33.513,0.00,0.00,-0.46,2.96
18:41:33.546,0.00,0.00,-0.46,2.96
18:41:33.579,0.00,0.00,-0.46,2.96
18:41:33.612,0.00,0.00,-0.46,2.96
18:41:33.645,0.00,0.00,-0.46,2.96
18:41:33.677,0.00,0.00,-0.46,2.96
18:41:33.710,0.00,0.00,-0.46,2.96
18:41:33.743,0.00,0.00,-0.46,2.96
18:41:33.775,0.00,0.00,-0.46,2.96
18:41:33.811,0.00,0.00,-0.46,2.96
18:41:33.844,0.00,0.00,-0.46,2.96
18:41:33.877,0.00,0.00,-0.46,2.96
18:41:33.909,0.00,0.00,-0.46,2.96
18:41:33.943,0.00,0.00,-0.46,2.96
18:41:33.976,0.00,0.00,-0.46,2.96
18:41:34.009,0.00,0.00,-0.46,2.96
18:41:34.042,0.10,0.00,-0.45,2.95
18:41:34.075,0.10,0.00,-0.44,2.94
18:41:34.107,0.10,0.00,-0.43,2.93
18:41:34.140,0.10,0.00,-0.42,2.92
18:41:34.173,0.10,0.00,-0.41,2.91
18:41:34.206,0.10,0.00,-0.40,2.90
18:41:34.238,0.10,0.00,-0.39,2.89
18:41:34.271,0.10,0.00,-0.38,2.88
18:41:34.304,0.10,0.00,-0.37,2.87
18:41:34.337,0.10,0.00,-0.36,2.86
18:41:34.369,0.10,0.00,-0.35,2.85
18:41:34.406,0.10,0.00,-0.34,2.84
18:41:34.438,0.10,0.00,-0.33,2.83
18:41:34.471,0.10,0.00,-0.32,2.82
18:41:34.504,0.10,0.00,-0.31,2.81
18:41:34.537,0.10,0.00,-0.30,2.80
18:41:34.570,0.10,0.00,-0.29,2.79
18:41:34.603,0.10,0.00,-0.28,2.78
18:41:34.635,0.10,0.00,-0.27,2.77
18:41:34.668,0.10,0.00,-0.26,2.76
18:41:34.701,0.10,0.00,-0.25,2.75
18:41:34.734,0.10,0.00,-0.24,2.74
18:41:34.767,0.10,0.00,-0.23,2.73
18:41:34.799,0.10,0.00,-0.22,2.72
18:41:34.832,0.10,0.00,-0.21,2.71
18:41:34.865,0.10,0.00,-0.20,2.70
18:41:34.898,0.10,0.00,-0.19,2.69
18:41:34.931,0.10,0.00,-0.18,2.68
18:41:34.963,0.10,0.00,-0.17,2.67
18:41:35.000,0.10,0.00,-0.16,2.66
18:41:35.032,0.10,0.00,-0.15,2.65
18:41:35.066,0.10,0.00,-0.14,2.64
18:41:35.098,0.10,0.00,-0.13,2.63
18:41:35.131,0.10,0.00,-0.12,2.62
18:41:35.164,0.10,0.00,-0.11,2.61
18:41:35.197,0.10,0.00,-0.10,2.60
18:41:35.230,0.10,0.00,-0.09,2.59
18:41:35.263,0.10,0.00,-0.08,2.58
18:41:35.295,0.10,0.00,-0.07,2.57
18:41:35.328,0.10,0.00,-0.06,2.56
18:41:35.361,0.10,0.00,-0.05,2.55
18:41:35.394,0.10,0.00,-0.04,2.54
18:41:35.426,0.10,0.00,-0.03,2.53
18:41:35.459,0.10,0.00,-0.02,2.52
18:41:35.491,0.10,0.00,-0.01,2.51
18:41:35.525,0.10,0.00,-0.00,2.50
18:41:35.560,0.10,0.00,0.01,2.49
18:41:35.593,0.10,0.00,0.02,2.48
18:41:35.626,0.10,0.00,0.03,2.47
18:41:35.659,0.10,0.00,0.04,2.46
18:41:35.691,0.10,0.00,0.05,2.45
18:41:35.725,0.10,0.00,0.06,2.44
18:41:35.757,0.10,0.00,0.07,2.43
18:41:35.790,0.10,0.00,0.08,2.42
18:41:35.823,0.10,0.00,0.09,2.41
18:41:35.856,0.10,0.00,0.10,2.40
18:41:35.889,0.10,0.00,0.11,2.39
18:41:35.922,0.10,0.00,0.12,2.38
18:41:35.954,0.10,0.00,0.13,2.37
18:41:35.987,0.10,0.00,0.14,2.36
18:41:36.020,0.10,0.00,0.15,2.35
18:41:36.053,0.10,0.00,0.16,2.34
18:41:36.085,0.10,0.00,0.17,2.33
18:41:36.118,0.10,0.00,0.18,2.32
18:41:36.154,0.10,0.00,0.19,2.31
18:41:36.187,0.10,0.00,0.20,2.30
18:41:36.220,0.10,0.00,0.21,2.29
18:41:36.253,0.10,0.00,0.22,2.28
18:41:36.286,0.10,0.00,0.23,2.27
18:41:36.319,0.10,0.00,0.24,2.26
18:41:36.352,0.10,0.00,0.25,2.25
18:41:36.384,0.10,0.00,0.26,2.24
18:41:36.417,0.10,0.00,0.27,2.23
18:41:36.450,0.10,0.00,0.28,2.22
18:41:36.483,0.10,0.00,0.29,2.21
18:41:36.516,0.10,0.00,0.30,2.20
18:41:36.548,0.10,0.00,0.31,2.19
18:41:36.581,0.10,0.00,0.32,2.18
18:41:36.614,0.10,0.00,0.33,2.17
18:41:36.647,0.10,0.00,0.34,2.16
18:41:36.680,0.10,0.01,0.35,2.15
18:41:36.712,0.10,0.01,0.36,2.14
18:41:36.748,0.10,0.01,0.37,2.13
18:41:36.781,0.10,0.01,0.38,2.12
18:41:36.814,0.10,0.01,0.38,2.12
18:41:36.846,0.10,0.02,0.39,2.11
18:41:36.880,0.10,0.04,0.40,2.10
18:41:36.912,0.10,0.04,0.40,2.10
18:41:36.945,0.10,0.06,0.41,2.09
18:41:36.978,0.10,0.07,0.41,2.09
18:41:37.011,0.10,0.08,0.41,2.09
18:41:37.044,0.10,0.09,0.41,2.09
18:41:37.076,0.10,0.10,0.41,2.09
18:41:37.110,0.10,0.11,0.41,2.09
18:41:37.142,0.10,0.11,0.41,2.09
18:41:37.175,0.10,0.12,0.41,2.09
18:41:37.208,0.10,0.11,0.41,2.09
18:41:37.240,0.10,0.12,0.41,2.09
18:41:37.274,0.10,0.11,0.41,2.09
18:41:37.310,0.10,0.12,0.40,2.10
18:41:37.343,0.10,0.11,0.40,2.10
18:41:37.375,0.10,0.10,0.40,2.10
18:41:37.408,0.10,0.10,0.40,2.10
18:41:37.441,0.10,0.11,0.40,2.10
18:41:37.474,0.10,0.10,0.40,2.10
18:41:37.507,0.10,0.10,0.40,2.10
18:41:37.540,0.10,0.09,0.40,2.10
18:41:37.572,0.10,0.09,0.40,2.10
18:41:37.605,0.10,0.10,0.40,2.10
18:41:37.638,0.10,0.10,0.40,2.10
18:41:37.670,0.10,0.09,0.40,2.10
18:41:37.703,0.10,0.10,0.41,2.09
18:41:37.736,0.10,0.10,0.41,2.09
18:41:37.769,0.10,0.10,0.41,2.09
18:41:37.802,0.10,0.09,0.41,2.09
18:41:37.834,0.10,0.10,0.41,2.09
18:41:37.867,0.10,0.10,0.41,2.09
18:41:37.903,0.10,0.11,0.41,2.09
18:41:37.936,0.10,0.10,0.41,2.09
18:41:37.969,0.10,0.10,0.41,2.09
18:41:37.998,0.10,0.10,0.41,2.09
18:41:38.035,0.10,0.10,0.41,2.09
18:41:38.068,0.10,0.10,0.41,2.09
18:41:38.100,0.10,0.10,0.41,2.09
18:41:38.133,0.10,0.10,0.41,2.09
18:41:38.166,0.10,0.10,0.41,2.09
18:41:38.199,0.10,0.10,0.41,2.09
18:41:38.232,0.10,0.10,0.41,2.09
18:41:38.265,0.10,0.10,0.41,2.09
18:41:38.297,0.10,0.10,0.41,2.09
18:41:38.330,0.10,0.11,0.41,2.09
18:41:38.362,0.10,0.10,0.41,2.09
18:41:38.396,0.10,0.11,0.40,2.10
18:41:38.428,0.10,0.10,0.40,2.10
18:41:38.461,0.10,0.10,0.40,2.10
18:41:38.497,0.10,0.11,0.40,2.10
18:41:38.530,0.10,0.10,0.40,2.10
18:41:38.563,0.10,0.10,0.40,2.10
18:41:38.595,0.10,0.10,0.40,2.10
18:41:38.629,0.10,0.10,0.40,2.10
18:41:38.661,0.10,0.11,0.40,2.10
18:41:38.694,0.10,0.11,0.40,2.10
18:41:38.727,0.10,0.10,0.40,2.10
18:41:38.760,0.10,0.10,0.40,2.10
18:41:38.793,0.10,0.10,0.40,2.10
18:41:38.825,0.10,0.10,0.40,2.10
18:41:38.859,0.10,0.10,0.40,2.10
18:41:38.891,0.10,0.10,0.40,2.10
18:41:38.924,0.10,0.11,0.40,2.10
18:41:38.957,0.10,0.10,0.40,2.10
18:41:38.990,0.10,0.10,0.40,2.10
18:41:39.022,0.10,0.10,0.40,2.10
18:41:39.055,0.10,0.10,0.40,2.10
18:41:39.091,0.10,0.10,0.40,2.10
18:41:39.124,0.10,0.10,0.40,2.10
18:41:39.157,0.10,0.10,0.40,2.10
18:41:39.189,0.10,0.10,0.40,2.10
18:41:39.223,0.10,0.11,0.40,2.10
18:41:39.255,0.10,0.10,0.40,2.10
18:41:39.288,0.10,0.10,0.40,2.10
18:41:39.321,0.10,0.10,0.40,2.10
18:41:39.354,0.10,0.11,0.40,2.10
18:41:39.386,0.10,0.10,0.40,2.10
18:41:39.419,0.10,0.10,0.40,2.10
18:41:39.452,0.10,0.10,0.40,2.10
18:41:39.485,0.10,0.10,0.40,2.10
18:41:39.517,0.10,0.10,0.40,2.10
18:41:39.550,0.10,0.10,0.40,2.10
18:41:39.583,0.10,0.10,0.40,2.10
18:41:39.616,0.10,0.10,0.40,2.10
18:41:39.652,0.10,0.10,0.40,2.10
18:41:39.685,0.10,0.10,0.40,2.10
18:41:39.718,0.10,0.10,0.40,2.10
18:41:39.750,0.10,0.10,0.40,2.10
18:41:39.783,0.10,0.10,0.40,2.10
18:41:39.816,0.10,0.10,0.40,2.10
18:41:39.849,0.00,0.10,0.39,2.11
18:41:39.882,0.00,0.10,0.38,2.12
18:41:39.914,0.00,0.10,0.37,2.13
18:41:39.948,0.00,0.11,0.36,2.14
18:41:39.980,0.00,0.10,0.35,2.15
18:41:40.013,0.00,0.10,0.34,2.16
18:41:40.046,0.00,0.07,0.33,2.17
18:41:40.079,0.00,0.06,0.33,2.17
18:41:40.112,0.00,0.04,0.32,2.18
18:41:40.145,0.00,0.03,0.32,2.18
18:41:40.177,0.00,0.02,0.32,2.18
18:41:40.210,0.00,0.02,0.31,2.19
18:41:40.246,0.00,0.01,0.31,2.19
18:41:40.279,0.00,0.00,0.31,2.19
18:41:40.312,0.00,-0.01,0.31,2.19
18:41:40.344,0.00,-0.01,0.31,2.19
18:41:40.377,0.00,-0.01,0.32,2.18
18:41:40.411,0.00,-0.01,0.32,2.18
18:41:40.444,0.00,-0.00,0.32,2.18
18:41:40.476,0.00,-0.01,0.32,2.18
18:41:40.509,0.00,0.00,0.32,2.18
18:41:40.542,0.00,0.00,0.32,2.18
18:41:40.574,0.00,0.01,0.32,2.18
18:41:40.607,0.00,0.00,0.32,2.18
18:41:40.640,0.00,0.00,0.32,2.18
18:41:40.673,0.00,-0.00,0.32,2.18
18:41:40.706,0.00,-0.00,0.32,2.18
18:41:40.738,0.00,0.00,0.32,2.18
18:41:40.771,0.00,0.00,0.32,2.18
18:41:40.804,0.00,0.00,0.32,2.18
18:41:40.836,0.00,0.00,0.32,2.18
18:41:40.869,0.00,0.00,0.32,2.18
18:41:40.901,0.00,0.00,0.32,2.18
18:41:40.934,0.00,0.00,0.32,2.18
18:41:40.971,0.00,0.00,0.32,2.18
18:41:41.004,0.00,0.00,0.32,2.18
18:41:41.037,0.00,0.00,0.32,2.18
18:41:41.069,0.00,0.00,0.32,2.18
18:41:41.102,0.00,0.00,0.32,2.18
18:41:41.136,0.00,0.00,0.32,2.18
18:41:41.168,0.00,0.00,0.32,2.18
18:41:41.201,0.00,0.00,0.32,2.18
18:41:41.234,0.00,0.00,0.32,2.18
18:41:41.267,0.00,0.00,0.32,2.18
18:41:41.299,0.00,0.00,0.32,2.18
18:41:41.332,0.00,0.00,0.32,2.18
18:41:41.365,0.00,0.00,0.32,2.18
18:41:41.401,0.00,0.00,0.32,2.18
18:41:41.434,0.00,0.00,0.32,2.18
18:41:41.466,0.00,0.00,0.32,2.18
18:41:41.500,0.00,0.00,0.32,2.18
18:41:41.532,0.00,0.00,0.32,2.18
18:41:41.565,0.00,0.00,0.32,2.18
18:41:41.598,0.00,0.00,0.32,2.18
18:41:41.631,0.00,0.00,0.32,2.18
18:41:41.663,0.00,0.00,0.32,2.18
18:41:41.696,0.00,0.00,0.32,2.18
18:41:41.729,0.00,0.00,0.32,2.18
18:41:41.762,0.00,0.00,0.32,2.18
18:41:41.795,0.00,0.00,0.32,2.18
18:41:41.828,0.00,0.00,0.32,2.18
18:41:41.861,0.00,0.00,0.32,2.18
18:41:41.893,0.00,0.00,0.32,2.18
18:41:41.926,0.00,0.00,0.32,2.18
18:41:41.959,0.00,0.00,0.32,2.18
18:41:41.992,0.00,0.00,0.32,2.18
18:41:42.025,0.00,0.00,0.32,2.18
18:41:42.057,0.00,0.00,0.32,2.18
18:41:42.090,0.00,0.00,0.32,2.18
18:41:42.126,0.00,0.00,0.32,2.18
18:41:42.159,0.00,0.00,0.32,2.18
18:41:42.192,0.00,0.00,0.32,2.18
18:41:42.225,0.00,0.00,0.32,2.18
18:41:42.257,0.00,0.00,0.32,2.18
18:41:42.290,0.00,0.00,0.32,2.18
18:41:42.323,0.00,0.00,0.32,2.18
18:41:42.356,0.00,0.00,0.32,2.18
18:41:42.389,0.00,0.00,0.32,2.18
18:41:42.421,0.00,0.00,0.32,2.18
18:41:42.454,0.00,0.00,0.32,2.18
18:41:42.487,0.00,0.00,0.32,2.18
18:41:42.520,0.00,0.00,0.32,2.18
18:41:42.552,0.00,0.00,0.32,2.18
18:41:42.588,0.00,0.00,0.32,2.18
18:41:42.621,0.00,0.00,0.32,2.18
18:41:42.654,0.00,0.00,0.32,2.18
18:41:42.687,0.00,0.00,0.32,2.18
18:41:42.720,0.00,0.00,0.32,2.18
18:41:42.753,0.00,0.00,0.32,2.18
18:41:42.786,0.00,0.00,0.32,2.18
18:41:42.818,0.00,0.00,0.32,2.18
18:41:42.851,0.10,0.00,0.33,2.17
18:41:42.884,0.10,0.00,0.34,2.16
18:41:42.918,0.10,0.00,0.35,2.15
18:41:42.950,0.10,0.00,0.36,2.14
18:41:42.982,0.10,0.00,0.37,2.13
18:41:43.015,0.10,0.01,0.38,2.12
18:41:43.048,0.10,0.02,0.38,2.12
18:41:43.080,0.10,0.03,0.39,2.11
18:41:43.113,0.10,0.06,0.40,2.10
18:41:43.146,0.10,0.07,0.40,2.10
18:41:43.183,0.10,0.07,0.40,2.10
18:41:43.216,0.10,0.07,0.40,2.10
18:41:43.249,0.10,0.09,0.41,2.09
18:41:43.282,0.10,0.09,0.41,2.09
18:41:43.314,0.10,0.10,0.41,2.09
18:41:43.347,0.10,0.10,0.41,2.09
18:41:43.380,0.10,0.10,0.41,2.09
18:41:43.412,0.10,0.11,0.41,2.09
18:41:43.446,0.10,0.11,0.41,2.09
18:41:43.479,0.10,0.11,0.40,2.10
18:41:43.511,0.10,0.11,0.40,2.10
18:41:43.544,0.10,0.10,0.40,2.10
18:41:43.577,0.10,0.11,0.40,2.10
18:41:43.610,0.10,0.11,0.40,2.10
18:41:43.642,0.10,0.10,0.40,2.10
18:41:43.675,0.10,0.11,0.40,2.10
18:41:43.707,0.10,0.10,0.40,2.10
18:41:43.743,0.10,0.10,0.40,2.10
18:41:43.776,0.10,0.10,0.40,2.10
18:41:43.809,0.10,0.10,0.40,2.10
18:41:43.842,0.10,0.10,0.40,2.10
18:41:43.874,0.10,0.10,0.40,2.10
18:41:43.908,0.10,0.11,0.40,2.10
18:41:43.941,0.10,0.10,0.40,2.10
18:41:43.973,0.10,0.10,0.40,2.10
18:41:44.006,0.10,0.10,0.40,2.10
18:41:44.039,0.10,0.10,0.40,2.10
18:41:44.072,0.10,0.10,0.40,2.10
18:41:44.105,0.10,0.10,0.40,2.10
18:41:44.138,0.10,0.10,0.40,2.10
18:41:44.170,0.10,0.09,0.40,2.10
18:41:44.203,0.10,0.11,0.40,2.10
18:41:44.236,0.10,0.10,0.40,2.10
18:41:44.269,0.10,0.10,0.40,2.10
18:41:44.302,0.10,0.10,0.40,2.10
18:41:44.338,0.10,0.10,0.40,2.10
18:41:44.370,0.10,0.10,0.40,2.10
18:41:44.403,0.10,0.10,0.40,2.10
18:41:44.436,0.10,0.10,0.40,2.10
18:41:44.469,0.10,0.10,0.40,2.10
18:41:44.502,0.10,0.10,0.40,2.10
18:41:44.535,0.10,0.10,0.40,2.10
18:41:44.567,0.10,0.10,0.40,2.10
18:41:44.601,0.10,0.10,0.40,2.10
18:41:44.634,0.10,0.11,0.40,2.10
18:41:44.666,0.10,0.10,0.40,2.10
18:41:44.699,0.10,0.10,0.40,2.10
18:41:44.732,0.10,0.11,0.40,2.10
18:41:44.764,0.10,0.10,0.40,2.10
18:41:44.797,0.10,0.10,0.40,2.10
18:41:44.830,0.10,0.10,0.40,2.10
18:41:44.862,0.10,0.10,0.40,2.10
18:41:44.895,0.10,0.10,0.40,2.10
18:41:44.932,0.10,0.10,0.40,2.10
18:41:44.964,0.10,0.10,0.40,2.10
18:41:44.993,0.10,0.10,0.40,2.10
18:41:45.027,0.10,0.10,0.40,2.10
18:41:45.063,0.10,0.10,0.40,2.10
18:41:45.095,0.10,0.10,0.40,2.10
18:41:45.128,0.10,0.10,0.40,2.10
18:41:45.161,0.10,0.10,0.40,2.10
18:41:45.194,0.10,0.09,0.40,2.10
18:41:45.227,0.10,0.10,0.40,2.10
18:41:45.260,0.10,0.10,0.40,2.10
18:41:45.292,0.10,0.11,0.40,2.10
18:41:45.325,0.10,0.10,0.40,2.10
18:41:45.358,0.10,0.11,0.40,2.10
18:41:45.391,0.10,0.10,0.40,2.10
18:41:45.423,0.10,0.10,0.40,2.10
18:41:45.456,0.10,0.11,0.40,2.10
18:41:45.492,0.10,0.11,0.40,2.10
18:41:45.525,0.10,0.10,0.40,2.10
18:41:45.558,0.10,0.10,0.40,2.10
18:41:45.591,0.10,0.10,0.40,2.10
18:41:45.623,0.10,0.10,0.40,2.10
18:41:45.657,0.10,0.10,0.40,2.10
18:41:45.689,0.10,0.09,0.40,2.10
18:41:45.722,0.10,0.09,0.40,2.10
18:41:45.755,0.10,0.09,0.40,2.10
18:41:45.788,0.10,0.09,0.40,2.10
18:41:45.821,0.10,0.09,0.40,2.10
18:41:45.854,0.10,0.09,0.40,2.10
18:41:45.887,0.10,0.10,0.40,2.10
18:41:45.919,0.10,0.10,0.41,2.09
18:41:45.952,0.10,0.11,0.40,2.10
18:41:45.985,0.10,0.11,0.40,2.10
18:41:46.018,0.10,0.11,0.40,2.10
18:41:46.050,0.10,0.11,0.40,2.10
18:41:46.082,0.10,0.12,0.40,2.10
18:41:46.115,0.10,0.11,0.40,2.10
18:41:46.149,0.10,0.11,0.40,2.10
18:41:46.181,0.10,0.11,0.40,2.10
18:41:46.218,0.10,0.11,0.39,2.11
18:41:46.251,0.10,0.11,0.39,2.11
18:41:46.284,0.10,0.09,0.39,2.11
18:41:46.317,0.10,0.09,0.40,2.10
18:41:46.349,0.10,0.09,0.40,2.10
18:41:46.382,0.10,0.09,0.40,2.10
18:41:46.415,0.10,0.09,0.40,2.10
18:41:46.448,0.10,0.09,0.40,2.10
18:41:46.481,0.10,0.09,0.40,2.10
18:41:46.513,0.10,0.10,0.40,2.10
18:41:46.546,0.10,0.09,0.40,2.10
18:41:46.578,0.00,0.09,0.39,2.11
18:41:46.611,0.00,0.10,0.38,2.12
18:41:46.644,0.00,0.10,0.37,2.13
18:41:46.680,0.00,0.10,0.36,2.14
18:41:46.713,0.00,0.10,0.35,2.15
18:41:46.746,0.00,0.09,0.35,2.15
18:41:46.778,0.00,0.09,0.34,2.16
18:41:46.811,0.00,0.07,0.33,2.17
18:41:46.844,0.00,0.05,0.32,2.18
18:41:46.877,0.00,0.04,0.32,2.18
18:41:46.910,0.00,0.04,0.32,2.18
18:41:46.942,0.00,0.03,0.31,2.19
18:41:46.976,0.00,0.01,0.31,2.19
18:41:47.008,0.00,0.00,0.31,2.19
18:41:47.041,0.00,-0.01,0.31,2.19
18:41:47.074,0.00,-0.01,0.31,2.19
18:41:47.106,0.00,-0.00,0.31,2.19
18:41:47.139,0.00,0.00,0.31,2.19
18:41:47.172,0.00,0.00,0.31,2.19
18:41:47.205,0.00,0.00,0.31,2.19
18:41:47.238,0.00,-0.00,0.31,2.19
18:41:47.274,0.00,0.00,0.31,2.19
18:41:47.307,0.00,0.00,0.31,2.19
18:41:47.339,0.00,0.00,0.31,2.19
18:41:47.372,0.00,0.00,0.31,2.19
18:41:47.405,0.00,0.00,0.31,2.19
18:41:47.438,0.00,0.00,0.31,2.19
18:41:47.471,0.00,0.00,0.31,2.19
18:41:47.504,0.00,0.00,0.31,2.19
18:41:47.537,0.00,0.00,0.31,2.19
18:41:47.570,0.00,0.00,0.31,2.19
18:41:47.603,0.00,0.00,0.31,2.19
18:41:47.635,0.00,0.00,0.31,2.19
18:41:47.668,0.00,0.00,0.31,2.19
18:41:47.701,0.00,0.00,0.31,2.19
18:41:47.734,0.00,0.00,0.31,2.19
18:41:47.767,0.00,0.00,0.31,2.19
18:41:47.799,0.00,0.00,0.31,2.19
18:41:47.832,0.00,0.00,0.31,2.19
18:41:47.865,0.00,0.00,0.31,2.19
18:41:47.898,0.00,0.00,0.31,2.19
18:41:47.930,0.00,0.00,0.31,2.19
18:41:47.963,0.00,0.00,0.31,2.19
18:41:48.000,0.00,0.00,0.31,2.19
18:41:48.032,0.00,0.00,0.31,2.19
18:41:48.065,0.00,0.00,0.31,2.19
18:41:48.098,0.00,0.00,0.31,2.19
18:41:48.131,0.00,0.00,0.31,2.19
18:41:48.163,0.00,0.00,0.31,2.19
18:41:48.196,0.00,0.00,0.31,2.19
18:41:48.229,0.00,0.00,0.31,2.19
18:41:48.262,0.00,0.00,0.31,2.19
18:41:48.295,0.00,0.00,0.31,2.19
18:41:48.328,0.00,0.00,0.31,2.19
18:41:48.361,0.00,0.00,0.31,2.19
18:41:48.394,0.00,0.00,0.31,2.19
18:41:48.429,0.00,0.00,0.31,2.19
18:41:48.462,0.00,0.00,0.31,2.19
18:41:48.494,0.00,0.00,0.31,2.19
18:41:48.527,0.00,0.00,0.31,2.19
18:41:48.560,0.00,0.00,0.31,2.19
18:41:48.593,0.00,0.00,0.31,2.19
18:41:48.626,0.00,0.00,0.31,2.19
18:41:48.659,0.00,0.00,0.31,2.19
18:41:48.691,0.00,0.00,0.31,2.19
18:41:48.724,0.00,0.00,0.31,2.19
18:41:48.757,0.00,0.00,0.31,2.19
18:41:48.790,0.10,0.00,0.32,2.18
18:41:48.823,0.10,0.00,0.33,2.17
18:41:48.856,0.10,0.00,0.34,2.16
18:41:48.888,0.10,0.00,0.35,2.15
18:41:48.921,0.10,0.00,0.36,2.14
18:41:48.954,0.10,0.01,0.37,2.13
18:41:48.987,0.10,0.01,0.38,2.12
18:41:49.019,0.10,0.02,0.39,2.11
18:41:49.052,0.10,0.02,0.40,2.10
18:41:49.084,0.10,0.04,0.40,2.10
18:41:49.117,0.10,0.06,0.41,2.09
18:41:49.154,0.10,0.07,0.41,2.09
18:41:49.187,0.10,0.08,0.41,2.09
18:41:49.219,0.10,0.10,0.41,2.09
18:41:49.252,0.10,0.10,0.41,2.09
18:41:49.286,0.10,0.11,0.41,2.09
18:41:49.318,0.10,0.12,0.41,2.09
18:41:49.351,0.10,0.11,0.41,2.09
18:41:49.384,0.10,0.12,0.41,2.09
18:41:49.417,0.10,0.11,0.40,2.10
18:41:49.449,0.10,0.12,0.40,2.10
18:41:49.482,0.10,0.12,0.40,2.10
18:41:49.515,0.10,0.12,0.40,2.10
18:41:49.548,0.10,0.11,0.40,2.10
18:41:49.584,0.10,0.11,0.40,2.10
18:41:49.617,0.10,0.10,0.40,2.10
18:41:49.649,0.10,0.10,0.40,2.10
18:41:49.682,0.10,0.09,0.40,2.10
18:41:49.716,0.10,0.09,0.40,2.10
18:41:49.749,0.10,0.09,0.40,2.10
18:41:49.781,0.10,0.09,0.40,2.10
18:41:49.814,0.10,0.09,0.40,2.10
18:41:49.846,0.10,0.09,0.40,2.10
18:41:49.880,0.10,0.09,0.40,2.10
18:41:49.913,0.10,0.09,0.40,2.10
18:41:49.945,0.10,0.09,0.41,2.09
18:41:49.978,0.10,0.10,0.41,2.09
18:41:50.011,0.10,0.10,0.41,2.09
18:41:50.044,0.10,0.11,0.40,2.10
18:41:50.076,0.10,0.11,0.40,2.10
18:41:50.109,0.10,0.11,0.40,2.10
18:41:50.142,0.10,0.11,0.40,2.10
18:41:50.175,0.10,0.11,0.40,2.10
18:41:50.208,0.10,0.11,0.40,2.10
18:41:50.240,0.10,0.11,0.40,2.10
18:41:50.273,0.10,0.11,0.40,2.10
18:41:50.309,0.10,0.11,0.40,2.10
18:41:50.343,0.10,0.11,0.40,2.10
18:41:50.375,0.10,0.09,0.40,2.10
18:41:50.408,0.10,0.09,0.40,2.10
18:41:50.440,0.10,0.10,0.40,2.10
18:41:50.473,0.10,0.10,0.40,2.10
18:41:50.506,0.10,0.09,0.40,2.10
18:41:50.539,0.10,0.09,0.40,2.10
18:41:50.572,0.10,0.08,0.40,2.10
18:41:50.604,0.10,0.09,0.40,2.10
18:41:50.637,0.10,0.09,0.40,2.10
18:41:50.670,0.10,0.09,0.40,2.10
18:41:50.703,0.10,0.10,0.40,2.10
18:41:50.735,0.10,0.11,0.40,2.10
18:41:50.771,0.10,0.11,0.40,2.10
18:41:50.804,0.10,0.11,0.40,2.10
18:41:50.837,0.10,0.11,0.40,2.10
18:41:50.870,0.10,0.11,0.40,2.10
18:41:50.903,0.10,0.11,0.40,2.10
18:41:50.936,0.10,0.11,0.40,2.10
18:41:50.968,0.10,0.11,0.40,2.10
18:41:51.001,0.10,0.11,0.40,2.10
18:41:51.034,0.10,0.11,0.40,2.10
18:41:51.067,0.10,0.11,0.40,2.10
18:41:51.099,0.10,0.09,0.40,2.10
18:41:51.133,0.10,0.09,0.40,2.10
18:41:51.166,0.10,0.09,0.40,2.10
18:41:51.198,0.10,0.09,0.40,2.10
18:41:51.231,0.10,0.08,0.40,2.10
18:41:51.264,0.10,0.09,0.40,2.10
18:41:51.297,0.10,0.09,0.40,2.10
18:41:51.329,0.10,0.09,0.40,2.10
18:41:51.366,0.10,0.09,0.40,2.10
18:41:51.399,0.10,0.10,0.41,2.09
18:41:51.431,0.10,0.10,0.40,2.10
18:41:51.464,0.10,0.11,0.40,2.10
18:41:51.497,0.10,0.11,0.40,2.10
18:41:51.530,0.10,0.11,0.40,2.10
18:41:51.563,0.10,0.11,0.40,2.10
18:41:51.595,0.10,0.11,0.40,2.10
18:41:51.628,0.10,0.11,0.40,2.10
18:41:51.661,0.10,0.11,0.40,2.10
18:41:51.694,0.10,0.11,0.40,2.10
18:41:51.727,0.10,0.10,0.40,2.10
18:41:51.759,0.10,0.10,0.40,2.10
18:41:51.792,0.10,0.10,0.40,2.10
18:41:51.825,0.10,0.10,0.40,2.10
18:41:51.858,0.10,0.10,0.40,2.10
18:41:51.890,0.10,0.09,0.40,2.10
18:41:51.926,0.10,0.09,0.40,2.10
18:41:51.956,0.10,0.09,0.40,2.10
18:41:51.989,0.10,0.09,0.40,2.10
18:41:52.021,0.10,0.08,0.40,2.10
18:41:52.054,0.10,0.08,0.40,2.10
18:41:52.090,0.10,0.09,0.40,2.10
18:41:52.124,0.10,0.09,0.40,2.10
18:41:52.156,0.10,0.10,0.40,2.10
18:41:52.189,0.10,0.10,0.40,2.10
18:41:52.223,0.10,0.12,0.40,2.10
18:41:52.255,0.10,0.11,0.40,2.10
18:41:52.288,0.10,0.11,0.40,2.10
18:41:52.321,0.10,0.11,0.40,2.10
18:41:52.353,0.10,0.11,0.40,2.10
18:41:52.386,0.10,0.11,0.40,2.10
18:41:52.419,0.10,0.11,0.40,2.10
18:41:52.452,0.10,0.10,0.40,2.10
18:41:52.485,0.10,0.10,0.40,2.10
18:41:52.521,0.10,0.10,0.40,2.10
18:41:52.554,0.10,0.10,0.40,2.10
18:41:52.586,0.10,0.10,0.40,2.10
18:41:52.619,0.10,0.10,0.40,2.10
18:41:52.652,0.10,0.10,0.40,2.10
18:41:52.685,0.10,0.09,0.40,2.10
18:41:52.718,0.10,0.09,0.40,2.10
18:41:52.750,0.10,0.09,0.40,2.10
18:41:52.783,0.10,0.10,0.40,2.10
18:41:52.816,0.10,0.10,0.40,2.10
18:41:52.849,0.10,0.11,0.40,2.10
18:41:52.882,0.10,0.10,0.40,2.10
18:41:52.915,0.10,0.10,0.40,2.10
18:41:52.947,0.10,0.11,0.40,2.10
18:41:52.980,0.10,0.10,0.40,2.10
18:41:53.013,0.10,0.10,0.40,2.10
18:41:53.046,0.10,0.10,0.40,2.10
18:41:53.079,0.10,0.10,0.40,2.10
18:41:53.110,0.10,0.11,0.40,2.10
18:41:53.144,0.10,0.10,0.40,2.10
18:41:53.176,0.10,0.10,0.40,2.10
18:41:53.209,0.10,0.10,0.40,2.10
18:41:53.245,0.10,0.10,0.40,2.10
18:41:53.278,0.10,0.10,0.40,2.10
18:41:53.311,0.10,0.10,0.40,2.10
18:41:53.344,0.10,0.09,0.40,2.10
18:41:53.377,0.10,0.10,0.40,2.10
18:41:53.410,0.10,0.10,0.40,2.10
18:41:53.443,0.10,0.10,0.40,2.10
18:41:53.476,0.10,0.10,0.40,2.10
18:41:53.509,0.10,0.10,0.40,2.10
18:41:53.541,0.10,0.10,0.40,2.10
18:41:53.573,0.10,0.10,0.40,2.10
18:41:53.606,0.00,0.10,0.39,2.11
18:41:53.639,0.00,0.10,0.38,2.12
18:41:53.675,0.00,0.11,0.37,2.13
18:41:53.708,0.00,0.10,0.36,2.14
18:41:53.741,0.00,0.10,0.35,2.15
18:41:53.774,0.00,0.09,0.34,2.16
18:41:53.806,0.00,0.08,0.33,2.17
18:41:53.839,0.00,0.06,0.33,2.17
18:41:53.872,0.00,0.04,0.32,2.18
18:41:53.905,0.00,0.03,0.32,2.18
18:41:53.938,0.00,0.03,0.32,2.18
18:41:53.971,0.00,0.02,0.31,2.19
18:41:54.004,0.00,0.01,0.31,2.19
18:41:54.037,0.00,0.00,0.31,2.19
18:41:54.070,0.00,-0.00,0.31,2.19
18:41:54.102,0.00,0.00,0.31,2.19
18:41:54.135,0.00,-0.00,0.31,2.19
18:41:54.168,0.00,-0.01,0.31,2.19
18:41:54.200,0.00,-0.01,0.31,2.19
18:41:54.233,0.00,-0.01,0.31,2.19
18:41:54.266,0.00,-0.01,0.31,2.19
18:41:54.299,0.00,-0.00,0.31,2.19
18:41:54.332,0.00,-0.00,0.32,2.18
18:41:54.364,0.00,0.00,0.31,2.19
18:41:54.400,0.00,0.00,0.31,2.19
18:41:54.434,0.00,0.00,0.31,2.19
18:41:54.466,0.00,-0.00,0.32,2.18
18:41:54.499,0.00,0.00,0.32,2.18
18:41:54.532,0.00,0.00,0.32,2.18
18:41:54.565,0.00,0.00,0.32,2.18
18:41:54.598,0.00,0.00,0.32,2.18
18:41:54.631,0.00,-0.00,0.32,2.18
18:41:54.664,0.00,0.00,0.32,2.18
18:41:54.697,0.00,0.00,0.32,2.18
18:41:54.729,0.00,0.00,0.31,2.19
18:41:54.762,0.00,0.00,0.31,2.19
18:41:54.795,0.00,0.00,0.31,2.19
18:41:54.827,0.00,0.00,0.31,2.19
18:41:54.860,0.00,0.00,0.31,2.19
18:41:54.893,0.00,0.00,0.31,2.19
18:41:54.925,0.00,0.00,0.31,2.19
18:41:54.958,0.00,0.00,0.31,2.19
18:41:54.994,0.00,0.00,0.31,2.19
18:41:55.027,0.00,0.00,0.31,2.19
18:41:55.060,0.00,0.00,0.31,2.19
18:41:55.092,0.00,0.00,0.31,2.19
18:41:55.125,0.00,0.00,0.31,2.19
18:41:55.159,0.00,0.00,0.31,2.19
18:41:55.191,0.00,0.00,0.31,2.19
18:41:55.224,0.00,0.00,0.31,2.19
18:41:55.257,0.00,0.00,0.31,2.19
18:41:55.290,0.00,0.00,0.31,2.19
18:41:55.323,0.00,0.00,0.31,2.19
18:41:55.355,0.00,0.00,0.31,2.19
18:41:55.388,0.00,0.00,0.31,2.19
18:41:55.421,0.00,0.00,0.31,2.19
18:41:55.457,0.00,0.00,0.31,2.19
18:41:55.490,0.00,0.00,0.31,2.19
18:41:55.522,0.00,0.00,0.31,2.19
18:41:55.555,0.00,0.00,0.31,2.19
18:41:55.588,0.00,0.00,0.31,2.19
18:41:55.621,0.00,0.00,0.31,2.19
18:41:55.654,0.00,0.00,0.31,2.19
18:41:55.687,0.00,0.00,0.31,2.19
18:41:55.720,0.00,0.00,0.31,2.19
18:41:55.753,0.00,0.00,0.31,2.19
18:41:55.786,0.00,0.00,0.31,2.19
18:41:55.818,0.00,0.00,0.31,2.19
18:41:55.851,0.00,0.00,0.31,2.19
18:41:55.884,0.00,0.00,0.31,2.19
18:41:55.916,0.00,0.00,0.31,2.19
18:41:55.949,0.00,0.00,0.31,2.19
18:41:55.982,0.00,0.00,0.31,2.19
18:41:56.015,0.00,0.00,0.31,2.19
18:41:56.048,0.00,0.00,0.31,2.19
18:41:56.080,0.00,0.00,0.31,2.19
18:41:56.113,0.00,0.00,0.31,2.19
18:41:56.146,0.00,0.00,0.31,2.19
18:41:56.183,0.00,0.00,0.31,2.19
18:41:56.215,0.00,0.00,0.31,2.19
18:41:56.248,0.00,0.00,0.31,2.19
